position_index,position_relative,class0_ig_importance,class0_ig_signed_attr_A,class0_ig_signed_attr_C,class0_ig_signed_attr_G,class0_ig_signed_attr_T,class1_ig_importance,class1_ig_signed_attr_A,class1_ig_signed_attr_C,class1_ig_signed_attr_G,class1_ig_signed_attr_T,class2_ig_importance,class2_ig_signed_attr_A,class2_ig_signed_attr_C,class2_ig_signed_attr_G,class2_ig_signed_attr_T,class3_ig_importance,class3_ig_signed_attr_A,class3_ig_signed_attr_C,class3_ig_signed_attr_G,class3_ig_signed_attr_T,class4_ig_importance,class4_ig_signed_attr_A,class4_ig_signed_attr_C,class4_ig_signed_attr_G,class4_ig_signed_attr_T
0,-80,0.097557254,0.040303975,-0.0039808676,-0.020140992,0.0155911725,0.11521694,0.03968946,-0.0065702377,-0.031106615,0.020162119,0.12651734,0.0433591,-0.0070020854,-0.03707359,0.017733315,0.1336428,0.042796936,-0.009792692,-0.043380927,0.02021519,0.037245113,-0.00934057,0.0021876744,0.013284068,-0.005170764
1,-79,0.11346362,0.062607974,-0.0076593994,-0.0053649046,0.016171787,0.1227504,0.053678323,-0.012281328,-0.012577095,0.020087902,0.13859412,0.055984177,-0.020494897,-0.018145142,0.02006846,0.16240834,0.06344368,-0.031860765,-0.023311373,0.025741318,0.045987707,-0.017290154,0.010757227,0.0063839005,-0.0033023625
2,-78,0.09090282,0.0315,0.0023906664,-0.0005443031,0.022467988,0.104579166,0.03385645,0.0007772893,-0.0033532481,0.026117839,0.11493004,0.03719254,0.00072650163,-0.0116302315,0.023560317,0.13651899,0.042467345,-0.002297749,-0.021388078,0.03588297,0.0335012,-0.009073236,0.0006406193,0.0078792665,-0.0047439057
3,-77,0.10408922,0.042715315,0.0019800854,0.0053859805,0.02140475,0.11381997,0.03988012,-0.001744821,0.0038187124,0.02377217,0.122771345,0.041989986,-0.0039689746,0.0010922939,0.022362892,0.14243054,0.051338077,-0.011508023,-0.0032097,0.030640716,0.03651337,-0.011403401,0.005352401,0.0025068158,-0.004359011
4,-76,0.10542328,0.039769106,0.002433358,0.008019641,0.019933574,0.11463956,0.036383662,-9.47606e-06,0.0066982647,0.02099073,0.12816928,0.044076893,-0.002574007,0.0035494806,0.01867442,0.15248883,0.054797597,-0.012719779,-0.0013332326,0.027259562,0.040038183,-0.012550291,0.0064728796,0.0038386567,-0.0041128946
5,-75,0.10111566,0.030079855,0.003375551,0.008869034,0.021787176,0.11373894,0.030999029,0.0010328521,0.0077188453,0.02385747,0.12592965,0.03822965,-0.00073455606,0.003541094,0.020563843,0.14965504,0.046352625,-0.0105157625,-0.0030577243,0.031460177,0.038780615,-0.009761348,0.004715758,0.0044945413,-0.00497816
6,-74,0.104612164,0.037388362,0.0039266497,0.0074324026,0.017374337,0.120905675,0.040309377,0.0013077104,0.007417415,0.021367481,0.13082087,0.04199083,-0.0016462976,0.005075511,0.019535767,0.15540713,0.05352696,-0.0124747865,-0.0007599159,0.02365503,0.0419228,-0.012493319,0.0070008156,0.0026172404,-0.0038218764
7,-73,0.10276229,0.030357521,0.0030876207,0.0063029793,0.022749595,0.11577706,0.0340418,0.00040508818,0.005727265,0.022997143,0.13034835,0.040985826,-0.0038583023,0.0018327178,0.021901676,0.15447704,0.043901704,-0.012870609,-0.0057516373,0.030332778,0.043668266,-0.0073544485,0.0076015834,0.0051352046,-0.0054527293
8,-72,0.10950958,0.039247505,0.0014018263,0.0053866836,0.024786938,0.12631015,0.041108824,-0.0032403762,0.0041867583,0.028677238,0.13616806,0.04492477,-0.005662963,9.2038346e-05,0.024148915,0.16944008,0.05863868,-0.021813592,-0.0068332665,0.032506052,0.048164424,-0.011868368,0.012884145,0.005820484,-0.0059766187
9,-71,0.11053532,0.041780937,0.0027321677,0.00426079,0.02340654,0.12695007,0.044650313,-0.0019070911,0.0008916401,0.026876604,0.14439894,0.053510834,-0.005471797,-0.0015003191,0.02685351,0.16777064,0.059232596,-0.014696161,-0.013848762,0.032318626,0.05016398,-0.013170085,0.008518884,0.011492806,-0.006085358
10,-70,0.10840389,0.03883732,0.0029559429,0.0055781067,0.023931464,0.12492205,0.04039954,-0.002280767,0.000573452,0.0287099,0.14013101,0.04812261,-0.004402028,-0.0021640693,0.027642978,0.16304418,0.056581117,-0.015361065,-0.010404325,0.033611584,0.04795791,-0.011357408,0.008172924,0.007972445,-0.0072038844
11,-69,0.109809846,0.04036585,0.0033172476,0.0056773047,0.025070552,0.12534396,0.0421233,-0.0012721076,0.0005950871,0.027928397,0.14015396,0.04941192,-0.0042266846,-0.0014721511,0.030344333,0.16172831,0.055103566,-0.015396479,-0.009059194,0.035078425,0.04791722,-0.011858094,0.007852237,0.007623412,-0.0065309745
12,-68,0.10966498,0.040669836,0.0050072707,0.0053515476,0.023485653,0.12831323,0.04236542,0.0011715887,0.0014067314,0.029076325,0.13952199,0.046908133,-0.0011603737,-9.471447e-06,0.027525663,0.15873294,0.054232936,-0.012183218,-0.01006614,0.03412627,0.04561258,-0.011641545,0.008254406,0.0070461556,-0.005221921
13,-67,0.109394014,0.040872566,0.005952462,0.00884423,0.021499347,0.12322149,0.040393166,0.001519464,0.0044703,0.026171677,0.13828303,0.047280733,-0.0008066454,0.0017466863,0.026475724,0.15605564,0.05448233,-0.010505266,-0.007566074,0.03182302,0.043340635,-0.010190057,0.006568421,0.006831089,-0.0049572424
14,-66,0.11079921,0.040364258,0.006531372,0.009619907,0.021358263,0.12536451,0.041277874,0.002962289,0.0052785403,0.026444355,0.13640238,0.045924168,0.0012187752,0.0016843613,0.024184005,0.15543221,0.05269289,-0.010140807,-0.006872207,0.031232262,0.0413327,-0.008577731,0.006229257,0.0056956303,-0.0035685468
15,-65,0.109490365,0.03886285,0.0073757702,0.011257945,0.021074891,0.12438326,0.040397424,0.004229786,0.0074027684,0.025553562,0.13571307,0.043128345,0.0016339684,0.003928236,0.02514212,0.15393005,0.049684275,-0.008540728,-0.0061811055,0.029521255,0.040009562,-0.008903302,0.0059168227,0.0049551404,-0.0034250733
16,-64,0.11093295,0.0390632,0.0073600775,0.011340674,0.022099437,0.1267217,0.04168946,0.002881495,0.0069430093,0.025871564,0.1351007,0.04351089,0.0015857086,0.003127627,0.023815872,0.15525912,0.050061367,-0.0075310473,-0.005543885,0.029851276,0.03802878,-0.007841726,0.005601648,0.0048821922,-0.0031400512
17,-63,0.11250897,0.039895076,0.006442805,0.012315649,0.022957113,0.12711212,0.04142165,0.004913449,0.007324708,0.024975453,0.13542737,0.043864917,0.0019329278,0.005388802,0.020779947,0.15370956,0.049247485,-0.009044567,-0.004450012,0.029863272,0.038618192,-0.008169916,0.0047592674,0.0046970556,-0.0024238382
18,-62,0.11255993,0.041990258,0.006989563,0.012857815,0.021470647,0.1279932,0.04305705,0.006385696,0.0074807946,0.024807556,0.13489848,0.04073404,0.002830278,0.0048804344,0.024095112,0.15485884,0.049280617,-0.007238245,-0.004437008,0.03099726,0.036819365,-0.007161268,0.005077379,0.0038313265,-0.0019414102
19,-61,0.11301671,0.042285126,0.007275827,0.012615773,0.021694625,0.12779586,0.043520525,0.004108236,0.008995514,0.024692781,0.13580236,0.042564586,0.0028108978,0.0062982976,0.023507787,0.15390207,0.049832482,-0.007864296,-0.0032212713,0.029023714,0.03761388,-0.006971932,0.0051835114,0.0044183945,-0.0016831239
20,-60,0.11388753,0.04198394,0.0070960727,0.012599795,0.023076285,0.12544455,0.041014355,0.0041734753,0.0074502956,0.024057373,0.13526437,0.044101592,0.0039372467,0.006755448,0.021323303,0.15503393,0.050026212,-0.0075268946,-0.0025564106,0.031903964,0.036722712,-0.00619594,0.0046994686,0.00402353,-0.0012597684
21,-59,0.11205627,0.040418867,0.0074715754,0.0129926475,0.020819146,0.12742709,0.042978175,0.004113704,0.008072315,0.024097303,0.13503326,0.042803254,0.0040630708,0.0078133615,0.022496508,0.15405768,0.050860308,-0.0071957326,-0.0025706284,0.031077262,0.035988282,-0.006062618,0.0044823484,0.003532911,-0.0019153244
22,-58,0.11339463,0.04000097,0.008462334,0.012689184,0.022632584,0.1274046,0.04171975,0.004275098,0.008585271,0.0239211,0.13263948,0.042034555,0.0032568185,0.0062387963,0.023382252,0.15159328,0.04831641,-0.007257754,-0.0023987524,0.031307325,0.035231426,-0.0060671833,0.0043858555,0.003751043,-0.0016061924
23,-57,0.11325479,0.041417625,0.008480259,0.013413253,0.021625968,0.12725578,0.0430567,0.0052405205,0.0082184225,0.023929032,0.13267398,0.040511522,0.003742504,0.007527072,0.023691941,0.15165947,0.047867835,-0.006281889,-0.0029764776,0.033411648,0.035002723,-0.0054307724,0.004021455,0.0031465702,-0.0019982844
24,-56,0.11496415,0.041164566,0.0094816,0.013012463,0.021930853,0.1287759,0.04211346,0.005408028,0.008272053,0.024874354,0.13447428,0.04103332,0.0042681033,0.005445742,0.025250852,0.15051655,0.046780147,-0.005897943,-0.0033745652,0.033322696,0.034521084,-0.0053751115,0.0039339145,0.0033899555,-0.001902811
25,-55,0.11867813,0.043854482,0.0087292455,0.014088963,0.023432145,0.13106948,0.042944983,0.007683889,0.009214737,0.024047121,0.13275583,0.040733036,0.006236998,0.0065332097,0.023251291,0.1504516,0.046087515,-0.0053842706,-0.0010526864,0.03391986,0.034536757,-0.005275105,0.0036203647,0.0034280985,-0.0013621236
26,-54,0.11754502,0.042400237,0.01091277,0.014383135,0.02255244,0.13304384,0.043667305,0.006894322,0.010998266,0.025784608,0.13329582,0.03899016,0.0052994555,0.0075363005,0.02317079,0.15255101,0.047132466,-0.00514032,-0.002683955,0.033431966,0.03471477,-0.005525334,0.0033203566,0.0033052529,-0.0011299697
27,-53,0.11962857,0.043097556,0.010467534,0.015423204,0.024381021,0.13066867,0.04225576,0.0073787533,0.010897938,0.024842335,0.13375466,0.041082382,0.006923181,0.007816592,0.022011675,0.15166605,0.046177145,-0.004312496,-0.0019085254,0.03381345,0.03448284,-0.0052778744,0.0035048376,0.0032003706,-0.0014076742
28,-52,0.12151383,0.043932352,0.010018853,0.015831744,0.025114382,0.13178755,0.040809043,0.00741204,0.0100772735,0.025581578,0.13470756,0.04203492,0.00629158,0.00909338,0.023740647,0.15392053,0.04710214,-0.0038667633,-0.00042468918,0.033569634,0.034002833,-0.004631291,0.0031333873,0.0030810072,-0.0014251447
29,-51,0.1225954,0.045182485,0.010575879,0.015554921,0.025212541,0.13208725,0.04329473,0.0077711768,0.0105637945,0.024384182,0.13370636,0.040255133,0.00703855,0.009901316,0.023631463,0.15487424,0.04557747,-0.0022886621,-0.0010016577,0.035365853,0.03467855,-0.0055925758,0.0034083566,0.002545326,-0.0012496214
30,-50,0.12031227,0.044489607,0.010516529,0.015975209,0.022836134,0.1298717,0.039899644,0.0066426625,0.011395336,0.02426154,0.13190669,0.03878816,0.008597348,0.009510822,0.022673195,0.15361193,0.04651225,-0.0030206705,-0.0005710083,0.033061888,0.033849653,-0.004971127,0.0030936832,0.002748409,-0.0012587616
31,-49,0.1205921,0.0439993,0.010034303,0.015157824,0.023235815,0.1289978,0.041274685,0.008240657,0.011358338,0.022783218,0.130576,0.038050696,0.008942641,0.010609703,0.022367166,0.15560228,0.048065726,-0.0017272647,-0.00011004005,0.034735225,0.033236574,-0.005168026,0.0028175793,0.002341177,-0.0012931698
32,-48,0.11893322,0.043419804,0.01109847,0.014565349,0.023357686,0.12868388,0.03936396,0.008828926,0.011379703,0.023830138,0.12946029,0.03782272,0.0073656053,0.009874466,0.0221177,0.15495011,0.046590406,-0.0032852038,0.00034981585,0.03630297,0.033366613,-0.0049564024,0.0026187825,0.002229417,-0.0012019726
33,-47,0.117560826,0.04223013,0.0106376,0.015911805,0.021749353,0.12614869,0.039343655,0.008483477,0.010798045,0.023042154,0.12881179,0.036485676,0.00892182,0.010863244,0.021973904,0.15612702,0.047769506,-0.0026954438,-0.00080038933,0.035798796,0.032821354,-0.0048475116,0.0025785035,0.002070853,-0.0017937707
34,-46,0.11735012,0.04281579,0.010369598,0.015509168,0.022580476,0.1260166,0.038096186,0.008563601,0.011575475,0.024603065,0.12526731,0.036026753,0.0080787325,0.0091380915,0.022060754,0.156529,0.047611024,-0.001810396,-0.0016907257,0.039063465,0.032925673,-0.004795449,0.0025212376,0.0025498231,-0.0018651967
35,-45,0.117682755,0.04145045,0.010691603,0.016760131,0.023406679,0.124629065,0.037746433,0.008585139,0.011553099,0.023291808,0.12843703,0.03648392,0.00797365,0.010728566,0.023715267,0.15411066,0.045254357,-0.00353346,-0.00070243736,0.039854176,0.032098148,-0.003887887,0.002355692,0.002233353,-0.0013034784
36,-44,0.1154017,0.039928347,0.010721832,0.015911238,0.023799088,0.1268236,0.038519893,0.008751123,0.012869206,0.02518947,0.12521185,0.03648215,0.008886831,0.009603641,0.021726258,0.15452683,0.046171315,-0.0019875772,-0.0019337889,0.039249845,0.032641258,-0.0039102486,0.0025611892,0.0016972006,-0.0025171165
37,-43,0.117272004,0.042080935,0.011540546,0.015734082,0.023364669,0.12543893,0.040307786,0.008029292,0.010886975,0.025018698,0.124012776,0.034876768,0.008627426,0.009591522,0.023799311,0.15539114,0.044773098,-0.0010240389,-8.325549e-05,0.040128816,0.032623783,-0.004013256,0.0023176922,0.002208864,-0.0027745818
38,-42,0.1144826,0.039705243,0.010847233,0.01640146,0.02451794,0.12499667,0.03941021,0.009328613,0.010642937,0.024432167,0.12397848,0.035695337,0.009186311,0.009215306,0.02324378,0.15106615,0.04143664,-0.00070795853,-1.6461776e-05,0.040469684,0.032526422,-0.003955323,0.0024382933,0.0020626246,-0.0027434027
39,-41,0.11433187,0.040538516,0.011186258,0.016388174,0.025396528,0.12415232,0.03748329,0.008069946,0.012149433,0.026263308,0.12456348,0.03536393,0.009494051,0.010438513,0.024253586,0.15053034,0.04179604,-0.000138919,0.001393985,0.03977184,0.033090327,-0.0040001874,0.0019782213,0.0020237963,-0.0029355024
40,-40,0.11348885,0.039230734,0.009330045,0.016108256,0.026219742,0.12388821,0.03830894,0.008990383,0.0105319405,0.025796847,0.123146795,0.03507315,0.009643706,0.009816621,0.023837619,0.14714482,0.040520005,-8.5321284e-05,0.0022863217,0.03758768,0.03273988,-0.003558967,0.0023430625,0.0014781532,-0.002202953
41,-39,0.11385648,0.03935622,0.010077007,0.016737832,0.024575705,0.1210139,0.03706098,0.008651893,0.011819322,0.025877565,0.122968584,0.0342815,0.0091128405,0.011354628,0.024148649,0.14805219,0.04103079,0.0016870842,0.0031217528,0.03899072,0.032268237,-0.0027419433,0.0019539152,0.0017227668,-0.0023008736
42,-38,0.1103933,0.036977142,0.010238913,0.015924387,0.02409343,0.11854585,0.034940407,0.009684273,0.010229623,0.025123386,0.12171297,0.032418232,0.009572411,0.011175315,0.025000669,0.14438216,0.038274854,0.00082349556,0.004903764,0.037034016,0.032579087,-0.0023995577,0.0017639493,0.0015063705,-0.0023831434
43,-37,0.11085877,0.036076702,0.01136407,0.017450761,0.023993947,0.11904891,0.034947027,0.008231479,0.010254827,0.026098745,0.12141623,0.032165162,0.010180891,0.010694244,0.023900265,0.14196919,0.037522126,0.0015042201,0.0040585217,0.03651823,0.03244003,-0.0025221098,0.002009512,0.001908778,-0.0015948974
44,-36,0.109598905,0.034724526,0.010860789,0.016628256,0.023949627,0.117947824,0.033232726,0.0082023665,0.010608043,0.024896389,0.11954237,0.03114646,0.01066945,0.010268479,0.022905296,0.14198372,0.035710458,0.0021108144,0.0035457024,0.036769062,0.032631084,-0.0017656945,0.0017594494,0.0016489137,-0.0015204361
45,-35,0.10724273,0.03429303,0.010363198,0.01636999,0.022681165,0.11577118,0.034097143,0.008211321,0.009934917,0.024267767,0.117951006,0.029986128,0.010424003,0.010505637,0.024507394,0.14110737,0.035502717,0.0019636387,0.0027840477,0.03767369,0.032790307,-0.001986351,0.0021477826,0.0013409867,-0.0018191016
46,-34,0.106537744,0.032056913,0.010783881,0.016023677,0.024740845,0.116291925,0.03297808,0.009058959,0.010421415,0.024609659,0.11649148,0.029017625,0.010958522,0.01055301,0.0229059,0.14253564,0.034828294,0.0015988707,0.0033585653,0.03871221,0.03320409,-0.0016375467,0.0020197558,0.0016234799,-0.001631046
47,-33,0.10668354,0.032701638,0.010834315,0.016239407,0.023852421,0.1135969,0.03156183,0.008317167,0.009323985,0.024267651,0.11703362,0.028461099,0.010452981,0.00959071,0.024899995,0.14165007,0.03470688,0.0017085961,0.002678482,0.038001243,0.0327911,-0.0015839683,0.0017245748,0.0013753797,-0.0020001607
48,-32,0.10768054,0.034459803,0.011053366,0.014882593,0.025619555,0.115061715,0.033584632,0.008389776,0.010533279,0.024782728,0.11696145,0.027975507,0.009459984,0.009598745,0.02392745,0.14223352,0.03264841,0.0005775809,0.0019684804,0.03957015,0.032704853,-0.0009835353,0.0018832725,0.0016588926,-0.001752823
49,-31,0.108093314,0.034753263,0.009817287,0.015491498,0.025815308,0.11587425,0.03309598,0.0077657867,0.011605598,0.024745699,0.117092066,0.028814781,0.009478787,0.008910208,0.025431745,0.14251328,0.034912102,0.0016757478,0.0017715673,0.03913907,0.033150867,-0.0010404506,0.0017869243,0.0016385873,-0.0019526641
50,-30,0.106662065,0.03323403,0.010122102,0.015757378,0.02503418,0.114299804,0.032035623,0.008285624,0.010301378,0.02443512,0.11536654,0.029183587,0.009900991,0.008175198,0.023770452,0.13942254,0.03070055,0.0020411063,0.0030874582,0.03845812,0.032871846,-0.0012795614,0.00082035456,0.001638079,-0.001728427
51,-29,0.1059701,0.033777803,0.009922894,0.015434382,0.024877872,0.11176994,0.032099802,0.0086119585,0.0097485995,0.023139685,0.11294334,0.026594633,0.009232192,0.008729342,0.025832722,0.13938032,0.03197593,0.0011811545,0.003771025,0.039379396,0.03366433,-0.0005193004,0.0007990769,0.00078903284,-0.0010444968
52,-28,0.10459574,0.033158686,0.010013867,0.015143697,0.024244262,0.11020268,0.031202588,0.008131702,0.009971432,0.024337672,0.11008679,0.02562236,0.009387411,0.00926752,0.021825993,0.13850753,0.031246718,0.0029448308,0.0052018873,0.036450785,0.033385336,-0.0001900473,0.0013871404,0.0006615115,-0.00038911184
53,-27,0.10168898,0.030021226,0.009705031,0.017143287,0.02321389,0.108222455,0.029789524,0.008943914,0.009963049,0.022543075,0.109030284,0.02419849,0.009683874,0.00989324,0.021873275,0.13514055,0.028365027,0.004935381,0.0055341395,0.03572882,0.034257025,0.0011344155,0.00038394498,0.00055818114,-0.0009330068
54,-26,0.100470975,0.028198289,0.00921945,0.016978104,0.022679834,0.10621682,0.028095352,0.008268097,0.009952925,0.021925237,0.10550137,0.020764703,0.010644949,0.0093720285,0.02038436,0.13309644,0.025581198,0.0057820417,0.007529946,0.032360088,0.035127375,0.0022887306,0.0006936763,-0.00064555,0.00037142425
55,-25,0.09720194,0.025059884,0.010174625,0.01684516,0.021727879,0.10629944,0.025842289,0.0081405295,0.01124415,0.022421118,0.104867555,0.01948259,0.0103871,0.010777069,0.018297078,0.13220003,0.023045639,0.007082429,0.008674833,0.03169445,0.035248987,0.002176938,0.000121422265,-0.00082383864,0.00066344126
56,-24,0.09737129,0.02441483,0.010561529,0.01639073,0.023017688,0.103913985,0.023254871,0.008120531,0.009811221,0.021673476,0.10499336,0.019103412,0.0112145245,0.00951717,0.019936142,0.13628668,0.023412175,0.005840003,0.008652863,0.03318524,0.035847925,0.0025597133,-0.00017171768,-0.00057522004,-0.00010098439
57,-23,0.09863968,0.024304213,0.011724636,0.017383013,0.02247994,0.10633263,0.024499593,0.008909183,0.010099453,0.024040682,0.10532581,0.018512974,0.008852619,0.010891362,0.020165212,0.13602854,0.023986954,0.005881339,0.006985042,0.03184714,0.0370343,0.0024580974,-4.5212077e-05,-0.0004290792,-0.00016829146
58,-22,0.097314015,0.024029309,0.011770872,0.015969075,0.02358364,0.10682927,0.025053222,0.009651216,0.009646126,0.026011745,0.105037,0.01859512,0.01029086,0.009304984,0.021864584,0.1393737,0.025006821,0.0062910817,0.006721558,0.035052635,0.036985125,0.0021370428,-0.0005442709,0.00016827419,-0.0021325718
59,-21,0.09803148,0.027248738,0.010562683,0.01496184,0.024147756,0.108370624,0.026824014,0.009923501,0.009438104,0.026916951,0.106078185,0.021364216,0.00856489,0.009573171,0.022657827,0.14145184,0.026139172,0.0059195883,0.006326656,0.03904268,0.03753123,0.0015521885,9.345329e-05,0.0008115512,-0.002627398
60,-20,0.09424569,0.02476843,0.009713136,0.01448202,0.023728106,0.1045188,0.026352352,0.007383411,0.0088639315,0.025777208,0.10648326,0.021596273,0.009452207,0.008167418,0.024986267,0.14386754,0.026068633,0.0053300243,0.0043496205,0.04257162,0.03814544,0.00071643223,0.0003684303,0.0014815807,-0.0040524243
61,-19,0.092514776,0.024966778,0.008860338,0.014374643,0.022894545,0.10424117,0.027787436,0.0068243914,0.008139103,0.025293902,0.104382135,0.02098165,0.008389576,0.0075858543,0.026040284,0.14685096,0.02935895,0.0053805527,0.003519317,0.046357363,0.03858736,0.00036055973,0.00030768034,0.0018489002,-0.004786979
62,-18,0.08924326,0.023607993,0.0080336835,0.014032165,0.02216495,0.10079175,0.023723163,0.0064455713,0.008571552,0.02512487,0.10183985,0.01918389,0.0074870843,0.0071668746,0.025038539,0.14544943,0.026678622,0.005319551,0.004055684,0.04541439,0.039007902,0.002296129,0.0004031949,0.00088021735,-0.004061327
63,-17,0.08522514,0.021857103,0.007990766,0.0139854755,0.019652061,0.09842175,0.023397874,0.006255115,0.0068053138,0.023607504,0.09846622,0.01506763,0.008162147,0.0074193142,0.024978893,0.14550474,0.02328045,0.006962435,0.004962282,0.047321927,0.040182203,0.003589394,-0.00047440073,0.00057497347,-0.004429017
64,-16,0.083048485,0.019067295,0.008591623,0.01372359,0.01880543,0.09597498,0.020047184,0.006740147,0.007116313,0.02169544,0.09462182,0.011915746,0.008691555,0.007577857,0.020936858,0.14318927,0.016828181,0.00957102,0.008292156,0.04236556,0.04135119,0.006774465,-0.0003066365,-0.0011480652,-0.002061466
65,-15,0.082260214,0.018562814,0.009320235,0.013711124,0.017363288,0.09487429,0.017187094,0.0089914445,0.007977441,0.019485492,0.09494445,0.007942338,0.009901914,0.009685477,0.018441975,0.14065607,0.012645735,0.0106295785,0.011640836,0.03545312,0.04489597,0.009270847,-0.0012648753,-0.0017361006,-0.00013842169
66,-14,0.08101421,0.017026734,0.009385455,0.01268463,0.017356109,0.09578509,0.017594844,0.008523509,0.009149742,0.020394333,0.09429781,0.0053474326,0.009802339,0.009600294,0.015842892,0.14014034,0.0065930104,0.009136665,0.01351352,0.029818311,0.046259474,0.011424444,-0.0009623179,-0.0023114746,0.0014082259
67,-13,0.081069976,0.018288778,0.010287445,0.011456721,0.017759226,0.09478446,0.016970929,0.010363824,0.0076587982,0.020880768,0.09450924,0.00561361,0.00993458,0.008618597,0.015087667,0.13825697,0.0038937982,0.010826856,0.014112266,0.026657166,0.046054497,0.011504535,-0.0014353702,-0.0031127245,0.0009618555
68,-12,0.08016936,0.018102026,0.0098829465,0.00911546,0.020379733,0.09606696,0.01765469,0.009276908,0.006047415,0.02461759,0.09415409,0.006743698,0.009019074,0.0058135577,0.02073249,0.13721246,0.0041572973,0.0090667335,0.0114907855,0.026551167,0.043624993,0.010405835,-0.00049089635,-0.001482237,-0.0012137998
69,-11,0.0815221,0.020305341,0.008397709,0.008040241,0.020957574,0.09888966,0.019538447,0.008012134,0.0054085376,0.028305734,0.095638394,0.012837977,0.007554802,0.005519181,0.022760369,0.13494873,0.009980167,0.0058042686,0.0094585195,0.027634822,0.040636193,0.0057395473,0.0013443724,-0.0014895344,-0.0025715851
70,-10,0.07888894,0.0179935,0.0073646866,0.0071481294,0.022420142,0.096408986,0.016974892,0.0066576544,0.003726546,0.029563366,0.0940377,0.012284186,0.0067252195,0.0027111045,0.026584782,0.13401106,0.014254362,0.0027139955,0.00527902,0.034983553,0.038942207,0.0030687447,0.0013818727,0.001377324,-0.0059427703
71,-9,0.0769265,0.018684916,0.0055866665,0.007986034,0.02039735,0.09460066,0.021365812,0.0040907655,0.00451797,0.026121095,0.093507536,0.015662408,0.0034533234,0.004027491,0.026147034,0.13260424,0.024091335,0.0016595892,0.0055325776,0.036503244,0.036297023,-0.00024713486,0.0020505546,0.0012742825,-0.006679482
72,-8,0.07356074,0.020439908,0.003950508,0.006722694,0.016001593,0.09088096,0.01981745,0.0017890439,0.0045929714,0.022809273,0.08983165,0.01667,0.0017021259,0.0038113846,0.021085564,0.12980998,0.029550595,-0.0043472797,0.006691723,0.0314728,0.035011757,-0.0016710449,0.0030393235,0.00063499896,-0.0050895875
73,-7,0.06879031,0.015949685,0.0032776045,0.007079566,0.015790047,0.08586068,0.015215118,0.0028159586,0.005607181,0.021650182,0.08735271,0.014141197,0.00261996,0.005529422,0.021793257,0.1329833,0.032986067,-0.0049462025,0.0076872665,0.032604545,0.03566908,-0.004924426,0.0029529089,0.000652435,-0.005358505
74,-6,0.06557257,0.01072982,0.0055930875,0.007813027,0.012589435,0.08142425,0.010787424,0.0049261763,0.005804401,0.018000029,0.08486056,0.006874304,0.0050801947,0.0023427405,0.021928687,0.12798887,0.018975869,-0.0030017947,-0.004029107,0.04283512,0.03437674,-0.0002775382,0.0016888252,0.0020998418,-0.006658652
75,-5,0.070386834,0.011215893,0.0068604904,0.011569102,0.0040168785,0.08583768,0.010176802,0.0079507185,0.008039918,0.009381618,0.08945269,0.0048397826,0.008426994,0.006208034,0.011958352,0.13716778,0.011044247,0.004465831,-0.0012194341,0.03884241,0.03714092,0.0030362848,-0.0010582733,0.00060817687,-0.005124963
76,-4,0.07894285,0.01982928,0.004333746,0.011003261,0.011182945,0.095083915,0.018209584,0.0057137473,0.00737859,0.016773712,0.100376986,0.016958391,0.0070906496,0.0040123914,0.018776583,0.14919548,0.03338357,0.008150388,-0.011727878,0.035668664,0.039831772,-0.0016978099,-0.0050289156,0.0026176951,-0.0031369675
77,-3,0.078566924,0.020656286,0.005609507,0.0087246355,0.015778309,0.09954641,0.022662925,0.003481122,0.00715199,0.023394259,0.10556364,0.025566675,-0.0037105172,0.0076067206,0.026216237,0.16966571,0.0556893,-0.02602335,0.009740559,0.044776417,0.041987654,-0.006530908,0.0094363205,-0.0035500885,-0.0070492504
78,-2,0.08319151,0.030521698,0.00032002927,0.0051251957,0.018883016,0.10116303,0.03176611,-0.0056013013,0.006153653,0.024637716,0.11167241,0.03365196,-0.020018203,0.007994594,0.022086648,0.1857398,0.042818613,-0.06422536,0.018287007,0.03918727,0.06444853,-0.005961486,0.039707575,-0.0048799748,-0.0036595506
79,-1,0.11991745,0.0255165,-0.01484614,-0.019554485,0.054714654,0.15495774,0.026518391,-0.023962501,-0.03748194,0.06154016,0.1786331,0.024045926,-0.030542143,-0.06118679,0.05706954,0.23203976,0.03333942,-0.04314961,-0.09625143,0.050837617,0.08873496,-0.008569498,0.01069027,0.053213168,-0.014385038
