position_index,position_relative,class0_combined_importance,class0_bucket,class0_weight,class0_base_importance,class0_base_rank,class0_ig_importance,class0_ig_rank,class0_mut_importance,class0_mut_rank,class1_combined_importance,class1_bucket,class1_weight,class1_base_importance,class1_base_rank,class1_ig_importance,class1_ig_rank,class1_mut_importance,class1_mut_rank,class2_combined_importance,class2_bucket,class2_weight,class2_base_importance,class2_base_rank,class2_ig_importance,class2_ig_rank,class2_mut_importance,class2_mut_rank,class3_combined_importance,class3_bucket,class3_weight,class3_base_importance,class3_base_rank,class3_ig_importance,class3_ig_rank,class3_mut_importance,class3_mut_rank,class4_combined_importance,class4_bucket,class4_weight,class4_base_importance,class4_base_rank,class4_ig_importance,class4_ig_rank,class4_mut_importance,class4_mut_rank
0,-80,0.7651899,4,1.2084993,0.0026490805,0.9746835,0.097557254,0.29113925,0.6215694,0.96202534,0.68227845,3,1.176384,0.0002654284,0.84810126,0.11521694,0.443038,0.87489325,0.721519,0.37784812,1,0.8849684,2.4810854e-06,0.0,0.12651734,0.5949367,0.76421416,0.56962025,0.47025314,2,0.9762651,0.0010444791,0.9746835,0.1336428,0.07594936,0.6119124,0.30379745,0.5151899,2,1.0134258,0.001290872,0.96202534,0.037245113,0.5949367,0.24262191,0.0
1,-79,0.91518986,4,1.3264333,0.004461642,0.98734176,0.11346362,0.7468355,0.7865566,0.98734176,0.83987343,4,1.3288828,0.00031635578,0.9240506,0.1227504,0.56962025,1.0814747,0.98734176,0.89240503,4,1.3695315,0.00016454668,0.75949365,0.13859412,0.93670887,0.9399979,0.98734176,0.96835446,4,1.3736997,0.0012531667,0.98734176,0.16240834,0.9240506,0.7833087,0.98734176,0.6594937,3,1.1409711,0.0016196847,0.98734176,0.045987707,0.89873415,0.33003375,0.12658228
2,-78,0.48544306,2,0.988555,0.0007135906,0.6708861,0.09090282,0.21518987,0.4858719,0.5316456,0.5012658,2,1.0012249,0.00020471514,0.75949365,0.104579166,0.25316456,0.7564626,0.4556962,0.3056962,0,0.8170222,3.5361678e-05,0.12658228,0.11493004,0.35443038,0.70673764,0.443038,0.39113924,1,0.9131401,0.00023671497,0.6962025,0.13651899,0.15189873,0.60943633,0.29113925,0.41202533,1,0.92224216,0.0010509207,0.9240506,0.0335012,0.2658228,0.28144962,0.025316456
3,-77,0.70759493,3,1.1632166,0.0012223911,0.93670887,0.10408922,0.37974682,0.5471186,0.75949365,0.62721515,3,1.1231014,0.00025876396,0.835443,0.11381997,0.39240506,0.84130716,0.62025315,0.3924051,1,0.8986768,3.112148e-05,0.11392405,0.122771345,0.48101267,0.7723999,0.5949367,0.50949365,2,1.007575,0.00029479765,0.75949365,0.14243054,0.35443038,0.64554083,0.39240506,0.5012658,2,1.0011188,0.0009962458,0.886076,0.03651337,0.51898736,0.3176841,0.101265825
4,-76,0.7455696,3,1.1930734,0.0011849464,0.9240506,0.10542328,0.4177215,0.5646074,0.84810126,0.58164555,3,1.0790054,0.00016398668,0.6329114,0.11463956,0.4177215,0.86347723,0.6708861,0.42151898,1,0.92609364,2.1240363e-05,0.050632913,0.12816928,0.6075949,0.8013013,0.6329114,0.68734175,3,1.1494799,0.0003299405,0.886076,0.15248883,0.6075949,0.70612425,0.556962,0.6139241,3,1.1006937,0.0012662157,0.9493671,0.040038183,0.7468355,0.3582197,0.16455697
5,-75,0.53670883,2,1.0288615,0.00043407275,0.4556962,0.10111566,0.34177214,0.55362,0.7848101,0.66329116,3,1.1580107,0.00035600233,0.93670887,0.11373894,0.37974682,0.85692006,0.6329114,0.46708864,2,0.96900696,2.9737412e-05,0.101265825,0.12592965,0.5822785,0.82550323,0.73417723,0.5772152,2,1.0616101,0.00020299871,0.6075949,0.14965504,0.5063291,0.71386737,0.6075949,0.54620254,2,1.0408368,0.0008789822,0.79746836,0.038780615,0.6835443,0.36002362,0.17721519
6,-74,0.693038,3,1.1517715,0.0010108313,0.8607595,0.104612164,0.4050633,0.5535489,0.7721519,0.7835443,4,1.2743752,0.00036263408,0.9493671,0.120905675,0.5443038,0.88702446,0.8227848,0.49746835,2,0.9976159,2.8044486e-05,0.088607594,0.13082087,0.6835443,0.82636493,0.7468355,0.73417723,3,1.1868498,0.00028210692,0.73417723,0.15540713,0.8227848,0.7342164,0.65822786,0.6151899,3,1.1018125,0.00088079134,0.8101266,0.0419228,0.8101266,0.37703222,0.25316456
7,-73,0.6329114,2,1.1044985,0.00067018194,0.6075949,0.10276229,0.36708862,0.5677803,0.886076,0.7120253,3,1.2051688,0.00038634145,0.98734176,0.11577706,0.46835443,0.8600586,0.6455696,0.5873418,3,1.0822505,9.243135e-05,0.4050633,0.13034835,0.65822786,0.823223,0.70886075,0.792405,4,1.2333097,0.00030118122,0.7848101,0.15447704,0.721519,0.7548675,0.8607595,0.7544304,4,1.2248826,0.00079798535,0.73417723,0.043668266,0.8607595,0.40380204,0.6835443
8,-72,0.778481,4,1.2189492,0.0008954074,0.7721519,0.10950958,0.556962,0.6267969,0.9746835,0.90189874,4,1.3889024,0.00036397795,0.96202534,0.12631015,0.7468355,0.939086,0.9746835,0.6550633,4,1.1460245,4.2233172e-05,0.18987341,0.13616806,0.89873415,0.86186624,0.9113924,0.7848102,4,1.22725,0.00016262993,0.4556962,0.16944008,0.96202534,0.7753328,0.96202534,0.96202534,4,1.4083688,0.0014839503,0.9746835,0.048164424,0.96202534,0.4276692,0.9493671
9,-71,0.80632913,4,1.2408441,0.0009593629,0.8227848,0.11053532,0.62025315,0.6185491,0.9493671,0.9132911,4,1.3999264,0.00037664687,0.9746835,0.12695007,0.7848101,0.93607455,0.96202534,0.69936705,4,1.1877457,3.8968858e-05,0.17721519,0.14439894,0.98734176,0.8811462,0.9746835,0.94050634,4,1.3514796,0.00033249057,0.89873415,0.16777064,0.9493671,0.7811487,0.9746835,0.9658228,4,1.4117252,0.0012554299,0.93670887,0.05016398,0.9746835,0.43990245,0.98734176
10,-70,0.7582278,3,1.2030255,0.0009209173,0.7848101,0.10840389,0.51898736,0.59118396,0.93670887,0.7386076,3,1.2308917,0.00016047907,0.6075949,0.12492205,0.6455696,0.91231745,0.9493671,0.5987342,3,1.0929788,6.5358277e-06,0.012658228,0.14013101,0.96202534,0.84651905,0.87341774,0.76392406,3,1.2105849,0.00016877012,0.5063291,0.16304418,0.93670887,0.75507057,0.87341774,0.85189867,4,1.3110315,0.00089422805,0.8227848,0.04795791,0.9493671,0.41264203,0.79746836
11,-69,0.78101265,4,1.2209396,0.00093077414,0.79746836,0.109809846,0.5949367,0.5815691,0.9240506,0.8082279,4,1.2982607,0.00022732421,0.8101266,0.12534396,0.6708861,0.9081885,0.9240506,0.6158228,3,1.1090714,2.4092242e-05,0.07594936,0.14015396,0.9746835,0.8399919,0.84810126,0.8360759,4,1.2681547,0.00031909283,0.8101266,0.16172831,0.9113924,0.7483397,0.79746836,0.84367085,4,1.3037591,0.00089564925,0.835443,0.04791722,0.93670887,0.41113496,0.7721519
12,-68,0.77721524,4,1.217954,0.0009524179,0.8101266,0.10966498,0.5822785,0.5708908,0.9113924,0.89556956,4,1.3827778,0.00027742574,0.87341774,0.12831323,0.87341774,0.91157526,0.93670887,0.5949367,3,1.0894027,2.3785671e-05,0.06329114,0.13952199,0.9493671,0.8387082,0.8227848,0.75253165,3,1.2014948,0.00028300966,0.7468355,0.15873294,0.89873415,0.7306076,0.6329114,0.8329114,4,1.2942492,0.0010245589,0.89873415,0.04561258,0.886076,0.40613073,0.721519
13,-67,0.7841772,4,1.2234277,0.0011227791,0.9113924,0.109394014,0.5316456,0.5659875,0.87341774,0.7063291,3,1.1996568,0.00017115088,0.6708861,0.12322149,0.5822785,0.88951683,0.84810126,0.5873418,3,1.0822505,8.1532135e-06,0.025316456,0.13828303,0.9240506,0.8423521,0.8607595,0.8253164,4,1.2595698,0.00036025117,0.9113924,0.15605564,0.8607595,0.7409675,0.70886075,0.82658225,4,1.2886552,0.00096717145,0.8607595,0.043340635,0.835443,0.4115953,0.7848101
14,-66,0.7348101,3,1.184614,0.00084636436,0.73417723,0.11079921,0.6329114,0.5586833,0.8227848,0.75,4,1.2419157,0.00016481188,0.6455696,0.12536451,0.6835443,0.9031486,0.9113924,0.5968355,3,1.0911908,9.361379e-06,0.03797468,0.13640238,0.9113924,0.85249037,0.886076,0.79999995,4,1.2393698,0.00032602792,0.84810126,0.15543221,0.835443,0.7422198,0.721519,0.83354425,4,1.2948086,0.0009823379,0.87341774,0.0413327,0.7848101,0.41700855,0.835443
15,-65,0.74810123,3,1.1950638,0.00097365136,0.835443,0.109490365,0.5443038,0.5589907,0.835443,0.7487342,3,1.2406908,0.00018041191,0.70886075,0.12438326,0.62025315,0.8994604,0.89873415,0.65189874,4,1.1430445,5.112511e-05,0.21518987,0.13571307,0.87341774,0.8557074,0.89873415,0.7943038,4,1.2348248,0.00032229986,0.835443,0.15393005,0.6835443,0.7542724,0.84810126,0.7917721,4,1.2578877,0.00085810793,0.7721519,0.040009562,0.73417723,0.41870955,0.8607595
16,-64,0.6981013,3,1.1557525,0.0006100294,0.56962025,0.11093295,0.65822786,0.5658799,0.8607595,0.84367085,4,1.3325574,0.0002895751,0.886076,0.1267217,0.75949365,0.89226323,0.87341774,0.67594934,4,1.165693,6.0923943e-05,0.25316456,0.1351007,0.835443,0.87331444,0.96202534,0.81962025,4,1.2550248,0.00024089929,0.70886075,0.15525912,0.79746836,0.7703603,0.9493671,0.7746836,4,1.2427837,0.0008438897,0.7468355,0.03802878,0.6329114,0.4216169,0.9240506
17,-63,0.75886077,4,1.2035232,0.00074228394,0.6835443,0.11250897,0.6835443,0.56965715,0.89873415,0.73101264,3,1.2235422,0.00014100749,0.56962025,0.12711212,0.79746836,0.8894032,0.835443,0.6746836,4,1.1645011,6.0416874e-05,0.24050634,0.13542737,0.8607595,0.86921734,0.9493671,0.8139241,4,1.2504798,0.00032883024,0.8607595,0.15370956,0.6455696,0.7656604,0.9113924,0.77721524,4,1.2450212,0.00067513506,0.70886075,0.038618192,0.6708861,0.4244179,0.93670887
18,-62,0.82468355,4,1.2552748,0.001407064,0.96202534,0.11255993,0.6962025,0.5549999,0.79746836,0.82974684,4,1.3190838,0.00020282387,0.7468355,0.1279932,0.8607595,0.89489555,0.886076,0.75696206,4,1.2419834,0.0001197003,0.5316456,0.13489848,0.8101266,0.8660041,0.93670887,0.8265823,4,1.2605798,0.0003088913,0.79746836,0.15485884,0.7468355,0.76582134,0.9240506,0.74810123,4,1.2192885,0.0008575622,0.75949365,0.036819365,0.5443038,0.42159793,0.9113924
19,-61,0.80632913,4,1.2408441,0.0012378466,0.9493671,0.11301671,0.70886075,0.5470128,0.7468355,0.8126582,4,1.3025476,0.00021307067,0.7848101,0.12779586,0.84810126,0.8868338,0.8101266,0.89493674,4,1.3719155,0.00018279615,0.87341774,0.13580236,0.886076,0.8635747,0.9240506,0.84430385,4,1.2747198,0.00040872794,0.9493671,0.15390207,0.65822786,0.76529634,0.89873415,0.8240506,4,1.2864176,0.00091729953,0.84810126,0.03761388,0.62025315,0.43697014,0.9746835
20,-60,0.8335443,4,1.2622414,0.001102552,0.89873415,0.11388753,0.7848101,0.55534476,0.8101266,0.6202532,3,1.1163645,0.00010986085,0.48101267,0.12544455,0.70886075,0.86778045,0.6835443,0.6044303,3,1.098343,3.8845068e-05,0.16455697,0.13526437,0.84810126,0.83946055,0.835443,0.9,4,1.3191597,0.0004956664,0.96202534,0.15503393,0.7848101,0.7681039,0.93670887,0.7398734,3,1.2120161,0.00066842115,0.6962025,0.036722712,0.5316456,0.4315971,0.96202534
21,-59,0.7462025,3,1.193571,0.0010515922,0.886076,0.11205627,0.6708861,0.5291415,0.6708861,0.8088608,4,1.2988731,0.00020175736,0.73417723,0.12742709,0.835443,0.8909165,0.8607595,0.6278481,3,1.1203957,6.866588e-05,0.29113925,0.13503326,0.8227848,0.8303126,0.79746836,0.6962025,3,1.1565498,0.00017539511,0.56962025,0.15405768,0.6962025,0.75188464,0.8227848,0.7772152,4,1.2450212,0.0010414256,0.9113924,0.035988282,0.49367088,0.41972542,0.886076
22,-58,0.6544304,2,1.1214174,0.0006218768,0.5822785,0.11339463,0.73417723,0.52707106,0.65822786,0.6943038,3,1.1880205,0.00014948999,0.5822785,0.1274046,0.8227848,0.8703396,0.6962025,0.68670887,4,1.1758254,0.00014996527,0.6835443,0.13263948,0.70886075,0.808867,0.6708861,0.671519,3,1.1368549,0.00022337933,0.6455696,0.15159328,0.56962025,0.7469652,0.7848101,0.6512658,3,1.1336987,0.0005974271,0.65822786,0.035231426,0.443038,0.4153168,0.8227848
23,-57,0.70379746,3,1.160231,0.00086040754,0.7468355,0.11325479,0.721519,0.52616274,0.6455696,0.77468354,4,1.2658011,0.0002053608,0.7721519,0.12725578,0.8101266,0.87612426,0.7468355,0.49556965,2,0.9958278,3.682004e-05,0.1392405,0.13267398,0.721519,0.8076862,0.65822786,0.7816456,4,1.2247249,0.00039120243,0.9240506,0.15165947,0.5822785,0.7489239,0.8101266,0.6443038,3,1.1275454,0.0006628903,0.6835443,0.035002723,0.4050633,0.41377464,0.8101266
24,-56,0.7120253,3,1.1666999,0.00074307626,0.6962025,0.11496415,0.8227848,0.5204419,0.6329114,0.75696206,4,1.2486526,0.00016815141,0.65822786,0.1287759,0.89873415,0.87491596,0.73417723,0.7050633,4,1.1931099,0.00012603498,0.5822785,0.13447428,0.7848101,0.82708514,0.75949365,0.6556962,3,1.1242299,0.00024298453,0.721519,0.15051655,0.5316456,0.73737204,0.6962025,0.6246835,3,1.1102036,0.00054262596,0.6329114,0.034521084,0.35443038,0.41755402,0.84810126
25,-55,0.8272152,4,1.2572652,0.0009774984,0.84810126,0.11867813,0.9113924,0.5404946,0.73417723,0.7943038,4,1.2847867,0.0001797946,0.6962025,0.13106948,0.9493671,0.87791854,0.75949365,0.52594936,2,1.0244367,3.8563732e-05,0.15189873,0.13275583,0.73417723,0.8240791,0.721519,0.6607595,3,1.1282699,0.0002998224,0.7721519,0.1504516,0.51898736,0.7343036,0.6708861,0.6772152,3,1.1566347,0.0007082616,0.721519,0.034536757,0.36708862,0.42140538,0.89873415
26,-54,0.7316456,3,1.1821259,0.0006943546,0.65822786,0.11754502,0.87341774,0.53104156,0.6835443,0.7835443,4,1.2743752,0.00015944288,0.5949367,0.13304384,0.98734176,0.882445,0.79746836,0.7246835,4,1.2115865,0.00013200066,0.62025315,0.13329582,0.7468355,0.8342068,0.8101266,0.68670887,3,1.1489749,0.00022559433,0.6708861,0.15255101,0.62025315,0.74515235,0.75949365,0.613924,3,1.1006936,0.000441602,0.5443038,0.03471477,0.39240506,0.41915774,0.87341774
27,-53,0.7329114,3,1.1831212,0.0006608467,0.5949367,0.11962857,0.93670887,0.5329093,0.6962025,0.6974684,3,1.1910828,8.319156e-05,0.4177215,0.13066867,0.93670887,0.87823147,0.7721519,0.60379744,3,1.097747,8.6236294e-05,0.36708862,0.13375466,0.7721519,0.8232171,0.6962025,0.77658224,3,1.2206849,0.00032958176,0.87341774,0.15166605,0.5949367,0.75224453,0.835443,0.585443,3,1.0755202,0.00054503116,0.6455696,0.03448284,0.34177214,0.40780434,0.73417723
28,-52,0.76139235,4,1.2055136,0.00068343634,0.62025315,0.12151383,0.98734176,0.53298944,0.70886075,0.6341772,3,1.1298382,4.2978634e-05,0.20253165,0.13178755,0.96202534,0.8785701,0.7848101,0.6158228,3,1.1090714,7.5615295e-05,0.30379745,0.13470756,0.79746836,0.8271555,0.7721519,0.7196202,3,1.1752349,0.00019720678,0.5949367,0.15392053,0.6708861,0.7571887,0.886076,0.54746836,2,1.0419556,0.0004758867,0.5949367,0.034002833,0.30379745,0.40443996,0.70886075
29,-51,0.80063295,4,1.2363656,0.000761207,0.70886075,0.1225954,1.0,0.53385127,0.721519,0.71329117,3,1.2063938,0.00011269379,0.49367088,0.13208725,0.9746835,0.8731554,0.70886075,0.6398734,3,1.1317201,8.7268876e-05,0.39240506,0.13370636,0.75949365,0.82988507,0.7848101,0.8259493,4,1.2600747,0.0004017646,0.93670887,0.15487424,0.75949365,0.7464785,0.7721519,0.53481007,2,1.0307674,0.00034518927,0.443038,0.03467855,0.37974682,0.40932548,0.75949365
30,-50,0.8113924,4,1.244825,0.0010213531,0.87341774,0.12031227,0.96202534,0.5102773,0.62025315,0.5873418,3,1.0845174,4.5994813e-05,0.2278481,0.1298717,0.9240506,0.8616631,0.65822786,0.5677215,2,1.0637739,8.159108e-05,0.34177214,0.13190669,0.6962025,0.8102102,0.6835443,0.7392405,3,1.19089,0.0003193402,0.8227848,0.15361193,0.6329114,0.74478984,0.7468355,0.49050632,2,0.9916089,0.0003530156,0.4556962,0.033849653,0.29113925,0.40389717,0.6962025
31,-49,0.7531646,3,1.1990447,0.00080863,0.721519,0.1205921,0.9746835,0.5013086,0.5949367,0.67658234,3,1.1708721,0.00013519096,0.556962,0.1289978,0.9113924,0.8377265,0.5949367,0.6088608,3,1.1025151,0.000112875096,0.51898736,0.130576,0.6708861,0.8049181,0.6455696,0.7417722,3,1.1929098,0.00022449663,0.65822786,0.15560228,0.84810126,0.7436511,0.73417723,0.506962,2,1.0061535,0.0005377467,0.62025315,0.033236574,0.2278481,0.39916444,0.6329114
32,-48,0.6759494,3,1.1383361,0.00060275185,0.556962,0.11893322,0.9240506,0.5004068,0.5822785,0.4829114,2,0.98346394,5.7112293e-06,0.012658228,0.12868388,0.886076,0.8386381,0.6075949,0.52594936,2,1.0244367,7.985198e-05,0.32911393,0.12946029,0.6455696,0.7920912,0.62025315,0.64367086,2,1.1146349,0.00017204549,0.5316456,0.15495011,0.7721519,0.7332322,0.6455696,0.39556962,1,0.90769744,0.0003330339,0.43037975,0.033366613,0.24050634,0.39131647,0.49367088
33,-47,0.73101264,3,1.1816282,0.000870503,0.75949365,0.117560826,0.886076,0.48867214,0.56962025,0.5303798,2,1.0293974,6.3733845e-05,0.30379745,0.12614869,0.73417723,0.8263741,0.5822785,0.7348102,4,1.2211229,0.00020589322,0.9493671,0.12881179,0.6329114,0.78719676,0.6075949,0.6120253,2,1.0893849,0.00012543141,0.37974682,0.15612702,0.87341774,0.71806026,0.62025315,0.3911392,1,0.90378153,0.00045705584,0.556962,0.032821354,0.15189873,0.38773882,0.43037975
34,-46,0.6746836,3,1.1373409,0.0006929954,0.6455696,0.11735012,0.8607595,0.4863534,0.5443038,0.464557,2,0.96570307,1.826124e-05,0.1392405,0.1260166,0.721519,0.8201569,0.56962025,0.6360759,3,1.1281439,0.00016773154,0.7721519,0.12526731,0.56962025,0.76190597,0.556962,0.6556962,3,1.1242299,0.00017030291,0.51898736,0.156529,0.886076,0.7118111,0.5949367,0.47405064,2,0.9770642,0.00046530442,0.5822785,0.032925673,0.17721519,0.3989604,0.62025315
35,-45,0.6373418,2,1.1079818,0.0005150856,0.49367088,0.117682755,0.89873415,0.4871981,0.556962,0.46455696,2,0.96570307,5.3473683e-05,0.25316456,0.124629065,0.6329114,0.80379695,0.5316456,0.68670887,4,1.1758254,0.00017645463,0.84810126,0.12843703,0.62025315,0.7719331,0.5822785,0.6202532,2,1.0959499,0.00018991422,0.5822785,0.15411066,0.70886075,0.71010655,0.5822785,0.36329114,1,0.87916756,0.00036632162,0.49367088,0.032098148,0.0,0.39450887,0.5443038
36,-44,0.5873418,2,1.0686704,0.00040969043,0.443038,0.1154017,0.835443,0.47561458,0.51898736,0.48417723,2,0.9846888,3.1390562e-05,0.17721519,0.1268236,0.7721519,0.8068976,0.5443038,0.6544304,4,1.1454284,0.00017977908,0.8607595,0.12521185,0.556962,0.7604444,0.5316456,0.5658228,2,1.05252,0.00014883398,0.4177215,0.15452683,0.73417723,0.7063182,0.56962025,0.3588608,1,0.8752517,0.00035704137,0.48101267,0.032641258,0.088607594,0.38947606,0.46835443
37,-43,0.62215185,2,1.096039,0.00055207964,0.5443038,0.117272004,0.84810126,0.47412506,0.5063291,0.53670883,2,1.0355217,7.181369e-05,0.37974682,0.12543893,0.6962025,0.80788416,0.556962,0.6911392,4,1.1799976,0.00026385312,0.9746835,0.124012776,0.5316456,0.7609954,0.5443038,0.6506329,3,1.1201899,0.00021737951,0.62025315,0.15539114,0.8101266,0.7048513,0.5443038,0.2936709,1,0.8176326,0.0002813095,0.36708862,0.032623783,0.06329114,0.38576213,0.4177215
38,-42,0.58417726,2,1.0661824,0.00046673833,0.48101267,0.1144826,0.8101266,0.45157474,0.49367088,0.43227848,2,0.9344684,2.0103738e-05,0.15189873,0.12499667,0.65822786,0.793103,0.51898736,0.58101267,3,1.0762904,0.00015518382,0.6962025,0.12397848,0.51898736,0.75050133,0.51898736,0.5924051,2,1.07373,0.00023198551,0.6835443,0.15106615,0.556962,0.69607955,0.5316456,0.20189872,0,0.7365182,0.00018730495,0.21518987,0.032526422,0.03797468,0.37944445,0.32911393
39,-41,0.58924055,2,1.0701634,0.00053517165,0.51898736,0.11433187,0.79746836,0.45115644,0.48101267,0.3727848,2,0.8768985,7.5289317e-06,0.03797468,0.12415232,0.6075949,0.7799627,0.5063291,0.5398734,2,1.037549,0.00012580301,0.56962025,0.12456348,0.5443038,0.7498342,0.5063291,0.5664557,2,1.053025,0.00022325886,0.6329114,0.15053034,0.5443038,0.6947586,0.51898736,0.1943038,0,0.7298053,0.00015582198,0.16455697,0.033090327,0.18987341,0.3759239,0.2278481
40,-40,0.5689873,2,1.0542397,0.0005210368,0.5063291,0.11348885,0.75949365,0.45027348,0.46835443,0.4664557,2,0.9675403,6.699916e-05,0.32911393,0.12388821,0.5949367,0.77287656,0.49367088,0.5329114,2,1.0309929,0.00012924826,0.6075949,0.123146795,0.5063291,0.7265857,0.48101267,0.5082278,2,1.006565,0.00017458372,0.5443038,0.14714482,0.46835443,0.6859465,0.5063291,0.26898736,0,0.79581565,0.00025530162,0.30379745,0.03273988,0.11392405,0.38201347,0.36708862
41,-39,0.6126582,2,1.088575,0.0006924248,0.6329114,0.11385648,0.7721519,0.4359552,0.4556962,0.3708861,1,0.87506115,1.7423963e-05,0.11392405,0.1210139,0.556962,0.7571169,0.46835443,0.6310127,3,1.1233758,0.00019789128,0.9113924,0.122968584,0.49367088,0.72498083,0.46835443,0.44556963,2,0.95657,0.00012394543,0.36708862,0.14805219,0.48101267,0.6711708,0.49367088,0.11455696,0,0.65931976,0.00011986075,0.07594936,0.032268237,0.012658228,0.37686738,0.24050634
42,-38,0.5101266,2,1.0079619,0.0005481938,0.5316456,0.1103933,0.6075949,0.42001635,0.4050633,0.44367087,2,0.9454923,7.220678e-05,0.39240506,0.11854585,0.51898736,0.7357815,0.43037975,0.62341774,3,1.1162235,0.00020000401,0.9240506,0.12171297,0.46835443,0.7105162,0.4556962,0.3822785,1,0.9060702,8.494049e-05,0.2658228,0.14438216,0.4177215,0.6605486,0.46835443,0.156962,0,0.6968002,0.00016302161,0.18987341,0.032579087,0.050632913,0.37269324,0.21518987
43,-37,0.51265824,2,1.0099523,0.00046655769,0.46835443,0.11085877,0.6455696,0.43152493,0.443038,0.5670886,2,1.0649191,0.00018558177,0.721519,0.11904891,0.5316456,0.7414835,0.443038,0.43354428,1,0.9374179,9.2879214e-05,0.4177215,0.12141623,0.4556962,0.6985219,0.43037975,0.39620253,2,0.9171801,0.00013122601,0.4050633,0.14196919,0.3164557,0.6587601,0.4556962,0.17151898,0,0.7096666,0.00016291524,0.17721519,0.03244003,0.025316456,0.37800583,0.29113925
44,-36,0.45,2,0.96068877,0.00029958342,0.37974682,0.109598905,0.56962025,0.42101294,0.4177215,0.31582278,1,0.82177854,8.164135e-06,0.050632913,0.117947824,0.5063291,0.7252756,0.4177215,0.35,1,0.85874355,5.3997894e-05,0.2278481,0.11954237,0.443038,0.6783463,0.39240506,0.3291139,1,0.8636502,7.205036e-05,0.21518987,0.14198372,0.32911393,0.65350556,0.443038,0.09367089,0,0.64085925,4.999865e-05,0.0,0.032631084,0.07594936,0.37242055,0.20253165
45,-35,0.41455698,2,0.9328226,0.00038001416,0.4177215,0.10724273,0.48101267,0.40184098,0.35443038,0.3050633,1,0.8113669,1.5748616e-05,0.088607594,0.11577118,0.4556962,0.7091904,0.39240506,0.5322785,2,1.0303968,0.00017373191,0.8101266,0.117951006,0.43037975,0.66870815,0.34177214,0.39367086,1,0.9151601,0.00016472691,0.46835443,0.14110737,0.278481,0.6467773,0.4177215,0.17088607,0,0.7091072,0.0001275558,0.101265825,0.032790307,0.12658228,0.37799752,0.278481
46,-34,0.3987342,1,0.92038226,0.0003315244,0.39240506,0.106537744,0.443038,0.4023813,0.36708862,0.36518988,1,0.86954916,4.489283e-05,0.21518987,0.116291925,0.49367088,0.7133458,0.4050633,0.39303797,1,0.8992728,9.7110664e-05,0.43037975,0.11649148,0.37974682,0.6740497,0.36708862,0.4506329,2,0.9606101,0.00017524163,0.556962,0.14253564,0.37974682,0.64607424,0.4050633,0.21518987,0,0.7482658,0.00012120473,0.088607594,0.03320409,0.21518987,0.38007587,0.34177214
47,-33,0.36645567,1,0.89500403,0.00022374374,0.30379745,0.10668354,0.46835443,0.4005035,0.34177214,0.33607596,1,0.8413768,5.4305794e-05,0.2658228,0.1135969,0.36708862,0.7089652,0.37974682,0.56898737,2,1.064966,0.00019125525,0.89873415,0.11703362,0.4050633,0.6757584,0.37974682,0.33037972,1,0.86466014,9.3458315e-05,0.30379745,0.14165007,0.30379745,0.6452352,0.37974682,0.28987342,0,0.8142761,0.00026123357,0.3164557,0.0327911,0.1392405,0.38428894,0.39240506
48,-32,0.37405062,1,0.90097535,0.00016789869,0.25316456,0.10768054,0.49367088,0.4041324,0.39240506,0.31075948,1,0.8168789,2.2869446e-05,0.16455697,0.115061715,0.43037975,0.6991068,0.35443038,0.35696203,1,0.8652998,6.444292e-05,0.278481,0.11696145,0.39240506,0.68592715,0.4050633,0.40379745,2,0.9232401,0.00016579422,0.49367088,0.14223352,0.34177214,0.6442541,0.36708862,0.20316456,0,0.7376371,8.115428e-05,0.012658228,0.032704853,0.101265825,0.39057887,0.48101267
49,-31,0.4044304,2,0.9248607,0.0002737369,0.34177214,0.108093314,0.5063291,0.40251708,0.37974682,0.27278483,1,0.7801323,3.818005e-06,0.0,0.11587425,0.48101267,0.70599455,0.36708862,0.5240506,2,1.0226486,0.0001582936,0.721519,0.117092066,0.4177215,0.6867795,0.4177215,0.39810127,2,0.91869515,0.0001283318,0.39240506,0.14251328,0.36708862,0.64852524,0.43037975,0.31772155,1,0.8388902,0.00016870124,0.20253165,0.033150867,0.20253165,0.39376724,0.5316456
50,-30,0.36265823,1,0.8920184,0.00026741464,0.3164557,0.106662065,0.4556962,0.3974048,0.32911393,0.25,0,0.75808424,6.0507405e-06,0.025316456,0.114299804,0.4050633,0.6940722,0.34177214,0.42468357,1,0.9290737,0.00012232686,0.5443038,0.11536654,0.36708862,0.672151,0.35443038,0.34683543,1,0.87779015,0.00014944447,0.43037975,0.13942254,0.24050634,0.6337258,0.35443038,0.16898733,0,0.70742893,0.00010689411,0.03797468,0.032871846,0.16455697,0.37818533,0.30379745
51,-29,0.3550633,1,0.88604707,0.00028010365,0.35443038,0.1059701,0.43037975,0.38728318,0.29113925,0.2613924,0,0.76910824,1.7582326e-05,0.12658228,0.11176994,0.35443038,0.6708475,0.3164557,0.56329113,2,1.0596017,0.00032385375,0.98734176,0.11294334,0.34177214,0.6660508,0.32911393,0.28987342,1,0.8323402,9.138961e-05,0.29113925,0.13938032,0.2278481,0.61723465,0.34177214,0.29620254,1,0.81987023,0.00021086555,0.2278481,0.03366433,0.278481,0.38212565,0.37974682
52,-28,0.3658228,1,0.8945065,0.00033749273,0.4050633,0.10459574,0.39240506,0.38886276,0.30379745,0.27531645,1,0.78258204,4.0995918e-05,0.18987341,0.11020268,0.34177214,0.6558195,0.30379745,0.48037973,2,0.9815234,0.00017266136,0.79746836,0.11008679,0.3164557,0.64626944,0.30379745,0.2601266,1,0.80860525,7.814279e-05,0.25316456,0.13850753,0.20253165,0.61210114,0.3164557,0.24873418,0,0.7779145,0.00014187058,0.1392405,0.033385336,0.25316456,0.38030463,0.35443038
53,-27,0.3101266,1,0.85071665,0.00026987266,0.32911393,0.10168898,0.35443038,0.37789,0.25316456,0.21898735,0,0.72807443,8.755684e-06,0.06329114,0.108222455,0.3164557,0.6539184,0.29113925,0.52974683,2,1.0280128,0.00025580073,0.96202534,0.109030284,0.30379745,0.63636965,0.29113925,0.28227848,1,0.82628024,0.00016125054,0.443038,0.13514055,0.11392405,0.6025656,0.2658228,0.23227848,0,0.76336986,0.00013855472,0.12658228,0.034257025,0.3164557,0.377478,0.2658228
54,-26,0.26708862,1,0.81687903,0.00018836198,0.278481,0.100470975,0.32911393,0.37427282,0.20253165,0.2481013,0,0.7562469,5.0270923e-05,0.24050634,0.10621682,0.2658228,0.6470944,0.24050634,0.4259494,1,0.9302658,0.00015910938,0.7468355,0.10550137,0.25316456,0.6203394,0.25316456,0.16962025,0,0.7363903,7.778728e-05,0.24050634,0.13309644,0.06329114,0.5901363,0.18987341,0.3550633,1,0.8718953,0.00021321743,0.24050634,0.035127375,0.43037975,0.38469785,0.4050633
55,-25,0.2221519,1,0.7815486,0.00015841005,0.2278481,0.09720194,0.25316456,0.3681722,0.18987341,0.19873418,0,0.7084762,1.1273705e-05,0.07594936,0.10629944,0.278481,0.64882934,0.25316456,0.29556963,0,0.80748594,0.00010299671,0.443038,0.104867555,0.20253165,0.6154836,0.2278481,0.1892405,0,0.7520453,9.439241e-05,0.3164557,0.13220003,0.025316456,0.5910645,0.20253165,0.31835443,1,0.8394496,0.00011934129,0.06329114,0.035248987,0.4556962,0.38827398,0.4556962
56,-24,0.26962027,1,0.81886953,0.00021078519,0.29113925,0.09737129,0.278481,0.375682,0.24050634,0.17531645,0,0.68581575,1.7171795e-05,0.101265825,0.103913985,0.21518987,0.64011717,0.21518987,0.45443034,2,0.9570865,0.00017619877,0.835443,0.10499336,0.21518987,0.6262865,0.278481,0.28987342,1,0.8323402,0.00016564612,0.48101267,0.13628668,0.1392405,0.59288317,0.2278481,0.41898733,1,0.92839557,0.00027135166,0.34177214,0.035847925,0.48101267,0.38805357,0.443038
57,-23,0.32531646,1,0.86265934,0.0003941638,0.43037975,0.09863968,0.3164557,0.3754533,0.2278481,0.26455697,1,0.7721705,6.2973566e-05,0.278481,0.10633263,0.29113925,0.64502776,0.2278481,0.47531646,2,0.97675514,0.0001852221,0.886076,0.10532581,0.24050634,0.6234943,0.2658228,0.24620253,1,0.79749525,0.000112320406,0.34177214,0.13602854,0.12658228,0.59784,0.25316456,0.45,2,0.9558067,0.00014888543,0.15189873,0.0370343,0.56962025,0.4008094,0.6455696
58,-22,0.2436709,1,0.7984675,0.00015751374,0.20253165,0.097314015,0.2658228,0.37962127,0.2658228,0.31265825,1,0.81871635,6.9640904e-05,0.36708862,0.10682927,0.30379745,0.64924085,0.2658228,0.3607595,1,0.86887586,0.00013565212,0.6455696,0.105037,0.2278481,0.6068865,0.18987341,0.2063291,1,0.76568025,2.7275712e-05,0.12658228,0.1393737,0.21518987,0.60411227,0.278481,0.37974685,1,0.8937123,0.00010458998,0.025316456,0.036985125,0.556962,0.39708066,0.5822785
59,-21,0.2550633,1,0.8074244,0.00015355012,0.18987341,0.09803148,0.30379745,0.38072497,0.278481,0.38227847,2,0.8860852,0.00012686866,0.5316456,0.108370624,0.32911393,0.6498307,0.278481,0.39810127,1,0.90404093,0.0001365621,0.65822786,0.106078185,0.278481,0.619075,0.24050634,0.2379747,1,0.7909303,5.0535604e-05,0.18987341,0.14145184,0.29113925,0.5962697,0.24050634,0.5056962,2,1.0050346,0.0002196024,0.25316456,0.03753123,0.6075949,0.4033646,0.6708861
60,-20,0.15189874,0,0.7263137,2.6124626e-05,0.050632913,0.09424569,0.24050634,0.3678437,0.17721519,0.28037974,1,0.7874816,7.268655e-05,0.4050633,0.1045188,0.24050634,0.6326544,0.18987341,0.3664557,1,0.87424,0.00012709525,0.5949367,0.10648326,0.29113925,0.60831255,0.20253165,0.2322785,1,0.7863853,2.3453933e-05,0.101265825,0.14386754,0.4050633,0.59124917,0.21518987,0.5924051,3,1.0816737,0.00029457672,0.39240506,0.03814544,0.6455696,0.40923947,0.7468355
61,-19,0.17911392,0,0.74771106,6.951009e-05,0.101265825,0.092514776,0.2278481,0.37473384,0.21518987,0.2943038,1,0.8009554,9.064584e-05,0.443038,0.10424117,0.2278481,0.6341059,0.20253165,0.29620254,0,0.808082,0.00011144308,0.5063291,0.104382135,0.18987341,0.58852154,0.17721519,0.20316458,0,0.7631553,3.3562956e-06,0.012658228,0.14685096,0.4556962,0.58116645,0.17721519,0.5253165,2,1.0223764,0.0002516017,0.278481,0.03858736,0.65822786,0.40248984,0.65822786
62,-18,0.20253165,1,0.7661227,0.00016112927,0.24050634,0.08924326,0.20253165,0.3506928,0.16455697,0.278481,1,0.78564423,9.878852e-05,0.46835443,0.10079175,0.18987341,0.6103033,0.16455697,0.4386076,1,0.9421862,0.0002008885,0.93670887,0.10183985,0.17721519,0.58065337,0.16455697,0.25759494,1,0.8065852,6.930219e-05,0.20253165,0.14544943,0.43037975,0.5641464,0.16455697,0.6025317,3,1.0906243,0.0003801241,0.5063291,0.039007902,0.70886075,0.39884663,0.6075949
63,-17,0.11898734,0,0.70043796,3.6962872e-05,0.06329114,0.08522514,0.18987341,0.3415548,0.11392405,0.2227848,0,0.7317491,6.829364e-05,0.35443038,0.09842175,0.15189873,0.60340166,0.15189873,0.32911393,1,0.83907497,0.00014318804,0.6708861,0.09846622,0.15189873,0.560548,0.1392405,0.20379747,0,0.76366025,1.412593e-05,0.050632913,0.14550474,0.443038,0.5576689,0.15189873,0.5601266,3,1.0531439,0.00028585026,0.37974682,0.040182203,0.75949365,0.396174,0.56962025
64,-16,0.12911391,0,0.7083997,0.00013427367,0.15189873,0.083048485,0.16455697,0.33537257,0.07594936,0.23797467,0,0.7464478,9.778598e-05,0.4556962,0.09597498,0.11392405,0.5782895,0.12658228,0.23797467,0,0.7532482,0.00010939898,0.49367088,0.09462182,0.11392405,0.548739,0.088607594,0.16202532,0,0.7303303,1.01402475e-05,0.025316456,0.14318927,0.39240506,0.5474724,0.101265825,0.5759494,3,1.0671291,0.00032555938,0.4050633,0.04135119,0.79746836,0.395368,0.556962
65,-15,0.16962025,0,0.7402469,0.00017808734,0.2658228,0.082260214,0.15189873,0.33698195,0.088607594,0.23544304,0,0.743998,0.00011632689,0.5063291,0.09487429,0.07594936,0.57560146,0.101265825,0.28164554,0,0.7943735,0.00013237048,0.6329114,0.09494445,0.12658228,0.5465666,0.06329114,0.18164559,0,0.7459853,7.286201e-05,0.2278481,0.14065607,0.2658228,0.5405228,0.06329114,0.4879747,2,0.98937124,0.00011802328,0.050632913,0.04489597,0.87341774,0.39739105,0.5949367
66,-14,0.10063291,0,0.6860072,0.00014554152,0.16455697,0.08101421,0.11392405,0.3290824,0.025316456,0.22088607,0,0.72991174,8.773551e-05,0.43037975,0.09578509,0.101265825,0.5762924,0.11392405,0.22594938,0,0.74192387,0.00010501803,0.46835443,0.09429781,0.088607594,0.5519843,0.101265825,0.18227848,0,0.7464903,4.6624296e-05,0.16455697,0.14014034,0.25316456,0.5510333,0.1392405,0.62278485,3,1.1085254,0.00035657198,0.46835443,0.046259474,0.9240506,0.3926897,0.51898736
67,-13,0.08227848,0,0.6715765,5.7256744e-05,0.07594936,0.081069976,0.12658228,0.33237332,0.050632913,0.16962026,0,0.68030375,6.3054526e-05,0.29113925,0.09478446,0.06329114,0.58297104,0.1392405,0.35822782,1,0.86649173,0.00017263304,0.7848101,0.09450924,0.101265825,0.5616936,0.15189873,0.13670886,0,0.71013033,2.4154131e-05,0.11392405,0.13825697,0.18987341,0.5492729,0.11392405,0.5702532,3,1.0620944,0.00039367788,0.5316456,0.046054497,0.9113924,0.37866744,0.3164557
68,-12,0.09683544,0,0.68302155,5.7825702e-05,0.088607594,0.08016936,0.101265825,0.33764187,0.101265825,0.17974684,0,0.6901029,6.6325076e-05,0.3164557,0.09606696,0.12658228,0.57349694,0.088607594,0.23101267,0,0.74669206,0.000105425715,0.48101267,0.09415409,0.07594936,0.5540852,0.11392405,0.09746836,0,0.6788203,2.6612527e-06,0.0,0.13721246,0.17721519,0.54938626,0.12658228,0.43607596,2,0.9434996,0.00026682962,0.32911393,0.043624993,0.84810126,0.3666782,0.18987341
69,-11,0.10822785,0,0.6919786,2.155393e-05,0.03797468,0.0815221,0.1392405,0.34899655,0.15189873,0.36392403,1,0.86832434,0.00023940201,0.8227848,0.09888966,0.16455697,0.57217014,0.07594936,0.24556962,0,0.7604005,0.000103325736,0.4556962,0.095638394,0.1392405,0.5593718,0.12658228,0.08797468,0,0.6712454,2.1383677e-05,0.07594936,0.13494873,0.101265825,0.54201686,0.088607594,0.43101263,2,0.9390243,0.00033007466,0.4177215,0.040636193,0.7721519,0.34958065,0.15189873
70,-10,0.067088604,0,0.6596338,8.334153e-06,0.0,0.07888894,0.07594936,0.34171063,0.12658228,0.378481,2,0.88241047,0.00029464747,0.89873415,0.096408986,0.1392405,0.570822,0.06329114,0.13860759,0,0.65967333,6.283477e-05,0.2658228,0.0940377,0.06329114,0.54661787,0.07594936,0.097468354,0,0.6788203,3.2547527e-05,0.15189873,0.13401106,0.088607594,0.53591716,0.050632913,0.47025317,2,0.97370774,0.00050631876,0.6075949,0.038942207,0.6962025,0.33268693,0.1392405
71,-9,0.041772153,0,0.6397294,1.2721251e-05,0.012658228,0.0769265,0.050632913,0.33435717,0.06329114,0.14810126,0,0.65948063,6.703299e-05,0.34177214,0.09460066,0.050632913,0.5655552,0.03797468,0.28101265,0,0.7937775,0.00015579141,0.70886075,0.093507536,0.050632913,0.5446918,0.050632913,0.04683544,0,0.63842034,1.947774e-05,0.06329114,0.13260424,0.03797468,0.52579474,0.03797468,0.306962,1,0.82938015,0.00027823923,0.35443038,0.036297023,0.5063291,0.30808944,0.088607594
72,-8,0.10443038,0,0.6889929,0.00010154631,0.12658228,0.07356074,0.03797468,0.34885186,0.1392405,0.21962024,0,0.72868687,0.00013074279,0.5443038,0.09088096,0.03797468,0.5704661,0.050632913,0.13544303,0,0.6566932,7.808039e-05,0.3164557,0.08983165,0.03797468,0.53033864,0.03797468,0.025949366,0,0.6217554,1.4064359e-05,0.03797468,0.12980998,0.012658228,0.5189345,0.025316456,0.3291139,1,0.8489595,0.00038028194,0.51898736,0.035011757,0.4177215,0.30218878,0.06329114
73,-7,0.056962024,0,0.65167207,0.00012588943,0.1392405,0.06879031,0.012658228,0.3233675,0.012658228,0.29113925,1,0.79789317,0.00022180965,0.79746836,0.08586068,0.025316456,0.53833914,0.012658228,0.13227849,0,0.65371317,8.471693e-05,0.35443038,0.08735271,0.012658228,0.50900626,0.012658228,0.112658225,0,0.6909403,8.924779e-05,0.278481,0.1329833,0.050632913,0.506751,0.0,0.18481015,0,0.7214142,0.00013702881,0.11392405,0.03566908,0.46835443,0.27999604,0.012658228
74,-6,0.008860759,0,0.6138536,1.574331e-05,0.025316456,0.06557257,0.0,0.314911,0.0,0.18164557,0,0.6919402,0.00012010211,0.51898736,0.08142425,0.0,0.5281891,0.0,0.25696203,0,0.77112883,0.00015851019,0.73417723,0.08486056,0.0,0.5028047,0.0,0.12848102,0,0.70356536,0.00011909955,0.35443038,0.12798887,0.0,0.51199365,0.012658228,0.21392407,0,0.747147,0.00025237596,0.29113925,0.03437674,0.32911393,0.28183478,0.03797468
75,-5,0.09620252,0,0.68252397,0.00015774851,0.21518987,0.070386834,0.025316456,0.33166826,0.03797468,0.22974682,0,0.738486,0.00016232199,0.62025315,0.08583768,0.012658228,0.5483826,0.025316456,0.30443037,0,0.8158302,0.00017551752,0.8227848,0.08945269,0.025316456,0.52108914,0.025316456,0.10696203,0,0.68639535,2.3129816e-05,0.088607594,0.13716778,0.16455697,0.5418337,0.07594936,0.39177215,1,0.9043409,0.0004621321,0.56962025,0.03714092,0.5822785,0.29391903,0.050632913
76,-4,0.17721519,0,0.7462182,8.0903716e-05,0.11392405,0.07894285,0.088607594,0.39375445,0.3164557,0.32784808,1,0.8334149,0.00017559186,0.6835443,0.095083915,0.088607594,0.6296923,0.17721519,0.31962025,0,0.8301347,0.00012357732,0.556962,0.100376986,0.16455697,0.6128359,0.21518987,0.3120253,1,0.85001516,2.9261219e-05,0.1392405,0.14919548,0.49367088,0.6124744,0.32911393,0.33607596,1,0.855113,0.00023398604,0.2658228,0.039831772,0.721519,0.30675015,0.07594936
77,-3,0.23164555,1,0.78901285,0.00015270578,0.17721519,0.078566924,0.06329114,0.42820072,0.43037975,0.46962026,2,0.97060263,0.0002734847,0.8607595,0.09954641,0.17721519,0.6906782,0.32911393,0.2613924,0,0.7753009,4.896717e-05,0.20253165,0.10556364,0.2658228,0.65823895,0.3164557,0.5227848,2,1.01818,5.0151186e-05,0.17721519,0.16966571,0.9746835,0.66302526,0.48101267,0.521519,2,1.01902,0.00065931276,0.6708861,0.041987654,0.8227848,0.32735482,0.11392405
78,-2,0.3943038,1,0.91689897,0.000281303,0.36708862,0.08319151,0.17721519,0.5083591,0.6075949,0.54810125,2,1.0465457,0.00031149242,0.9113924,0.10116303,0.20253165,0.7588897,0.48101267,0.4044304,1,0.91000116,8.7067114e-05,0.37974682,0.11167241,0.32911393,0.7296219,0.49367088,0.6506329,3,1.1201899,9.613552e-05,0.32911393,0.1857398,0.98734176,0.7356745,0.6835443,0.74810123,4,1.2192885,0.00086427556,0.7848101,0.06444853,0.98734176,0.39216554,0.5063291
79,-1,0.9848101,4,1.3811704,0.0076109534,1.0,0.11991745,0.9493671,1.1738743,1.0,1.0,4,1.4838313,0.0011223778,1.0,0.15495774,1.0,1.4241489,1.0,1.0,4,1.4708545,0.00036468726,1.0,0.1786331,1.0,1.2235461,1.0,1.0,4,1.3989496,0.002014577,1.0,0.23203976,1.0,1.0262514,1.0,1.0,4,1.4419333,0.0039825044,1.0,0.08873496,1.0,0.45918444,1.0
