position_index,position_relative,class0_mut_importance,class0_mut_signed_to_A,class0_mut_abs_to_A,class0_base_pref_A,class0_mut_signed_to_C,class0_mut_abs_to_C,class0_base_pref_C,class0_mut_signed_to_G,class0_mut_abs_to_G,class0_base_pref_G,class0_mut_signed_to_T,class0_mut_abs_to_T,class0_base_pref_T,class1_mut_importance,class1_mut_signed_to_A,class1_mut_abs_to_A,class1_base_pref_A,class1_mut_signed_to_C,class1_mut_abs_to_C,class1_base_pref_C,class1_mut_signed_to_G,class1_mut_abs_to_G,class1_base_pref_G,class1_mut_signed_to_T,class1_mut_abs_to_T,class1_base_pref_T,class2_mut_importance,class2_mut_signed_to_A,class2_mut_abs_to_A,class2_base_pref_A,class2_mut_signed_to_C,class2_mut_abs_to_C,class2_base_pref_C,class2_mut_signed_to_G,class2_mut_abs_to_G,class2_base_pref_G,class2_mut_signed_to_T,class2_mut_abs_to_T,class2_base_pref_T,class3_mut_importance,class3_mut_signed_to_A,class3_mut_abs_to_A,class3_base_pref_A,class3_mut_signed_to_C,class3_mut_abs_to_C,class3_base_pref_C,class3_mut_signed_to_G,class3_mut_abs_to_G,class3_base_pref_G,class3_mut_signed_to_T,class3_mut_abs_to_T,class3_base_pref_T,class4_mut_importance,class4_mut_signed_to_A,class4_mut_abs_to_A,class4_base_pref_A,class4_mut_signed_to_C,class4_mut_abs_to_C,class4_base_pref_C,class4_mut_signed_to_G,class4_mut_abs_to_G,class4_base_pref_G,class4_mut_signed_to_T,class4_mut_abs_to_T,class4_base_pref_T
0,-80,0.6215694,0.10544326,0.17893603,0.38440558,-0.535911,0.6071102,0.20241983,-1.2527974,1.2785813,0.09883559,-0.09578303,0.2376899,0.31433895,0.87489325,-0.5084351,0.6545453,0.30078003,-0.7066421,0.8072748,0.2466998,-1.2671103,1.3645059,0.14085117,-0.4728724,0.5851073,0.31166902,0.76421416,-0.6435695,0.75817287,0.24935813,-0.5351338,0.64380914,0.27791795,-0.88631606,0.9941433,0.19561407,-0.5380457,0.6398935,0.2771099,0.6119124,-0.60704863,0.7404108,0.21566655,-0.3175795,0.47465813,0.28806973,-0.43392935,0.60140526,0.25642923,-0.5008332,0.64717996,0.23983444,0.24262191,-0.31262293,0.3306277,0.2117122,-0.06931818,0.1840321,0.2700298,0.039228838,0.1393553,0.30099073,-0.28672233,0.33689538,0.21726726
1,-79,0.7865566,0.17125866,0.22667809,0.4547202,-1.1015551,1.1479084,0.12734099,-1.0847427,1.1541762,0.12950002,-0.28394073,0.39698234,0.2884388,1.0814747,-0.7280864,0.896158,0.29809847,-1.207281,1.3085285,0.18460703,-1.1857368,1.2904587,0.18862739,-0.6304649,0.741811,0.32866713,0.9399979,-0.8900658,1.0100137,0.23229428,-0.86445963,0.9820017,0.23831928,-0.86010474,0.96931124,0.2393594,-0.66809666,0.7799119,0.29002705,0.7833087,-0.864788,1.0223899,0.1936445,-0.50371355,0.6780503,0.2778547,-0.49931088,0.667588,0.27908072,-0.61167336,0.78144795,0.24942009,0.33003375,-0.5324403,0.54135215,0.18143825,-0.01534088,0.19059838,0.30430022,-0.091171704,0.24118897,0.2820781,-0.28582823,0.3644563,0.23218337
2,-78,0.4858719,-0.05410274,0.24411035,0.32119763,-0.48414624,0.5837064,0.20893288,-0.7183634,0.7850972,0.16530561,-0.10727863,0.24464488,0.30456385,0.7564626,-0.42965156,0.57147443,0.29831383,-0.70224446,0.8096684,0.22713694,-0.91826826,1.0179588,0.1830079,-0.45261568,0.56469285,0.29154137,0.70673764,-0.5193727,0.6264276,0.26928473,-0.6097124,0.71995133,0.24602412,-0.74110407,0.83430326,0.2157322,-0.52058315,0.62062967,0.26895896,0.60943633,-0.5085601,0.658735,0.23875706,-0.41869617,0.5671686,0.2612063,-0.43198296,0.57873935,0.25775868,-0.49392116,0.64392245,0.2422779,0.28144962,-0.3345096,0.37023324,0.21805759,-0.13407128,0.23134795,0.2664529,-0.06276712,0.19410901,0.28614587,-0.28404713,0.34690198,0.22934368
3,-77,0.5471186,-0.090754,0.30957678,0.32879767,-0.7090817,0.79974777,0.1771709,-0.5470339,0.6477201,0.2083382,-0.23127821,0.3550443,0.2856932,0.84130716,-0.5553557,0.6989822,0.2878908,-0.94202167,1.05035,0.1955694,-0.7699237,0.8864983,0.2322962,-0.5681051,0.68044776,0.28424364,0.7723999,-0.648721,0.75419754,0.25253034,-0.7461934,0.86281073,0.22907719,-0.6685636,0.77041733,0.2475689,-0.57878494,0.6871696,0.27082357,0.64554083,-0.60108167,0.7521544,0.22397417,-0.47869384,0.6333588,0.25313386,-0.411477,0.56894135,0.27073362,-0.48255524,0.6384288,0.2521583,0.3176841,-0.40027213,0.43320695,0.21116471,-0.112640955,0.23905689,0.28153864,-0.16238786,0.26047313,0.2678756,-0.27468696,0.35199872,0.23942104
4,-76,0.5646074,-0.09076605,0.320168,0.33304313,-0.70353115,0.7942092,0.18045959,-0.5382837,0.6650376,0.2128855,-0.28732803,0.40865815,0.27361172,0.86347723,-0.5399115,0.6917079,0.29827085,-0.9338372,1.0359287,0.2011551,-0.8361476,0.96192366,0.22179772,-0.6075037,0.7137053,0.27877635,0.8013013,-0.6356605,0.76002765,0.26204747,-0.7528212,0.8592153,0.23307607,-0.74191666,0.8505535,0.23563159,-0.6085646,0.7157658,0.26924494,0.70612425,-0.6062709,0.7690474,0.23589864,-0.5219589,0.6782203,0.25665024,-0.5362164,0.6920945,0.25301704,-0.53063136,0.68881744,0.25443408,0.3582197,-0.4480413,0.48196623,0.2102248,-0.15313952,0.26962522,0.28233078,-0.20392898,0.29418647,0.2683494,-0.31935775,0.4026429,0.23909502
5,-75,0.55362,-0.17769551,0.36349046,0.3051444,-0.648384,0.7513311,0.19058467,-0.54486585,0.6749859,0.21137096,-0.21864934,0.36215585,0.2929,0.85692006,-0.5510104,0.6907901,0.2941028,-0.9153126,1.0166577,0.20430769,-0.8491771,0.97504884,0.21827649,-0.5883871,0.69271,0.2833131,0.82550323,-0.6640706,0.7759718,0.2613288,-0.7763281,0.8846026,0.23357934,-0.75707227,0.8674964,0.23812068,-0.64270896,0.7554034,0.26697123,0.71386737,-0.6025067,0.75935423,0.23955198,-0.53794926,0.68885034,0.25552693,-0.5498199,0.70192665,0.25251162,-0.55022454,0.71021557,0.25240946,0.36002362,-0.39829013,0.44770014,0.22245678,-0.175307,0.27529374,0.27802637,-0.2182731,0.31162667,0.26633367,-0.35119882,0.42314544,0.23318315
6,-74,0.5535489,-0.106203884,0.3366241,0.32628116,-0.6403077,0.74432325,0.1912642,-0.54248124,0.66608274,0.21092069,-0.2898761,0.40900996,0.27153397,0.88702446,-0.56057477,0.71523744,0.29856822,-0.9426339,1.0482029,0.20375927,-0.87380904,1.0024415,0.21827683,-0.6269442,0.72811866,0.27939567,0.82636493,-0.68343705,0.7964204,0.257301,-0.7715403,0.87486225,0.23560187,-0.7559797,0.8661465,0.23929664,-0.6434416,0.75144607,0.26780045,0.7342164,-0.6438074,0.80778325,0.23404592,-0.54315335,0.6964676,0.25883,-0.56062824,0.71981055,0.25434628,-0.5668141,0.7176744,0.25277776,0.37703222,-0.47310287,0.5094468,0.20755284,-0.15875353,0.2799695,0.28421623,-0.23161642,0.32972986,0.26424387,-0.31137392,0.40459347,0.243987
7,-73,0.5677803,-0.16680382,0.35962397,0.3121101,-0.66860306,0.7675286,0.18896405,-0.59371054,0.71048665,0.20365946,-0.22228199,0.36327752,0.29526633,0.8600586,-0.5621981,0.71411234,0.29075146,-0.915985,1.0259126,0.20411466,-0.8178424,0.9495496,0.22516297,-0.59998125,0.7071544,0.2799709,0.823223,-0.67299986,0.7885641,0.25766692,-0.7601449,0.8769485,0.23616312,-0.73634887,0.85333514,0.24185023,-0.647508,0.75760734,0.26431975,0.7548675,-0.67720485,0.81847143,0.23276412,-0.57929224,0.73171663,0.25670776,-0.56832373,0.7212378,0.25953895,-0.60182065,0.7547295,0.25098917,0.40380204,-0.43401265,0.47815934,0.22230203,-0.19895832,0.32207784,0.28120708,-0.24786368,0.3484232,0.26778543,-0.40561464,0.48439193,0.22870548
8,-72,0.6267969,-0.09510251,0.3221837,0.34485993,-0.8676171,0.9534617,0.15927364,-0.64221746,0.75043255,0.19954172,-0.24678497,0.3814776,0.29632473,0.939086,-0.566354,0.71835285,0.30906695,-1.0973285,1.1980822,0.18174113,-0.90051955,1.0258136,0.2212719,-0.6372292,0.7450452,0.28792,0.86186624,-0.6955937,0.8100396,0.2619104,-0.865843,0.97427225,0.22090949,-0.7666717,0.88182265,0.24394053,-0.6532473,0.7577,0.27323955,0.7753328,-0.6783216,0.836149,0.23490426,-0.6161864,0.778547,0.24996309,-0.57845783,0.7426208,0.259574,-0.5940474,0.74727553,0.2555587,0.4276692,-0.52977103,0.5652493,0.20560104,-0.15713595,0.29073194,0.2984411,-0.27165806,0.37434694,0.26614746,-0.41845378,0.49905032,0.22981043
9,-71,0.6185491,-0.080634944,0.32146174,0.3475968,-0.72714996,0.823078,0.18209495,-0.7686827,0.86290735,0.17468692,-0.2425985,0.37123883,0.2956214,0.93607455,-0.571947,0.72947705,0.30637997,-0.96786445,1.0832005,0.2062128,-1.0127687,1.1296593,0.19715777,-0.62603253,0.7373782,0.2902494,0.8811462,-0.7128841,0.82614833,0.2621598,-0.8140266,0.92846,0.23694113,-0.8600446,0.97185665,0.22628467,-0.66647035,0.77172995,0.27461442,0.7811487,-0.70006806,0.854973,0.23118713,-0.5677545,0.73385024,0.2638923,-0.62261766,0.7806458,0.24980432,-0.60157645,0.75903326,0.25511622,0.43990245,-0.55312866,0.587332,0.20244606,-0.22394422,0.3544982,0.28136644,-0.19982632,0.32481244,0.28823492,-0.4344646,0.51521474,0.22795255
10,-70,0.59118396,-0.12748647,0.34910583,0.32879028,-0.7155475,0.8045435,0.18261117,-0.661129,0.7621294,0.19282396,-0.23330912,0.3706373,0.29577455,0.91231745,-0.5973716,0.7463246,0.29396844,-0.93823886,1.0568179,0.20905662,-0.9288379,1.0522969,0.21103121,-0.62504876,0.7406914,0.2859438,0.84651905,-0.7032599,0.80771965,0.25610948,-0.7909233,0.9111178,0.234614,-0.7782498,0.8978246,0.2376063,-0.6442761,0.7493409,0.2716702,0.75507057,-0.67318755,0.82072955,0.23196168,-0.55136937,0.7190872,0.262012,-0.5764284,0.7372778,0.2555278,-0.5963068,0.7497298,0.25049847,0.41264203,-0.46919376,0.5119043,0.2152814,-0.20313998,0.33011112,0.2809003,-0.20716122,0.32685742,0.27977297,-0.42929122,0.5036627,0.22404535
11,-69,0.5815691,-0.088899896,0.31728956,0.3370756,-0.7142591,0.8031991,0.18035877,-0.6563982,0.7525784,0.1911023,-0.23429275,0.37069917,0.29146335,0.9081885,-0.58984077,0.73723125,0.29474062,-0.9243342,1.0418168,0.210946,-0.9424022,1.0675855,0.20716888,-0.6159509,0.73071295,0.2871445,0.8399919,-0.6856933,0.7951401,0.25831798,-0.80128944,0.9193513,0.23011865,-0.76587725,0.8861011,0.23841366,-0.62986463,0.735799,0.27314967,0.7483397,-0.6697107,0.8204429,0.23021786,-0.5481286,0.7182242,0.25998092,-0.56481427,0.7303033,0.25567895,-0.57092124,0.7291477,0.2541223,0.41113496,-0.49927282,0.5409555,0.20870805,-0.18354179,0.30925405,0.2861933,-0.214706,0.33026022,0.27741188,-0.41223827,0.48719755,0.22768678
12,-68,0.5708908,-0.11080251,0.3388037,0.3286736,-0.6706095,0.7680019,0.18777758,-0.6309944,0.7305683,0.19536571,-0.2422715,0.37163344,0.28818315,0.91157526,-0.57629496,0.72306573,0.29952794,-0.9602441,1.075554,0.20402826,-0.9234761,1.0460701,0.2116696,-0.626806,0.7396373,0.2847742,0.8387082,-0.6925568,0.8005501,0.25743675,-0.7655804,0.8815547,0.23930776,-0.78477615,0.90164626,0.23475787,-0.65048873,0.7518269,0.26849765,0.7306076,-0.6346647,0.791946,0.2344079,-0.5340809,0.6965779,0.25921208,-0.54580945,0.71288544,0.25618964,-0.56950545,0.7279331,0.25019035,0.40613073,-0.48172748,0.5245331,0.21119559,-0.18943803,0.31440127,0.28289452,-0.21835516,0.33480424,0.27483118,-0.39175376,0.46904752,0.2310787
13,-67,0.5659875,-0.1257884,0.34110954,0.32431772,-0.6530562,0.759121,0.19141732,-0.6022424,0.7074137,0.20139532,-0.26252592,0.38711402,0.28286967,0.88951683,-0.5732738,0.7182821,0.29655448,-0.92091954,1.0326508,0.20947099,-0.9002331,1.0143886,0.2138493,-0.63026786,0.7413288,0.28012526,0.8423521,-0.69143593,0.7975751,0.25871578,-0.77029884,0.8887574,0.23909648,-0.786053,0.8993868,0.23535922,-0.6605598,0.76458997,0.2668285,0.7409675,-0.64007324,0.7944024,0.23581824,-0.553919,0.7160711,0.25703585,-0.5709484,0.7285137,0.25269574,-0.5640298,0.7289262,0.2544501,0.4115953,-0.46614692,0.51054,0.21623522,-0.21380365,0.33303812,0.27830288,-0.22560826,0.33864433,0.27503693,-0.40258828,0.4831274,0.230425
14,-66,0.5586833,-0.13173285,0.34929073,0.32037377,-0.6291928,0.7366334,0.19481072,-0.58952326,0.70135057,0.2026941,-0.25888345,0.3820796,0.28212145,0.9031486,-0.58630633,0.7252604,0.29580858,-0.92952234,1.0431572,0.20987174,-0.9373079,1.0517589,0.20824412,-0.6197629,0.73603326,0.28607556,0.85249037,-0.69022197,0.80123824,0.26097882,-0.79229736,0.90757966,0.2356538,-0.78098035,0.897259,0.23833585,-0.67481226,0.78603345,0.26503158,0.7422198,-0.6400322,0.7945772,0.23643555,-0.55896354,0.72355765,0.25640142,-0.5662666,0.72293854,0.25453573,-0.5737924,0.7326687,0.25262734,0.41700855,-0.47166133,0.51653767,0.21708554,-0.23004927,0.3397955,0.27641508,-0.24619065,0.35248306,0.2719892,-0.3944537,0.47596782,0.23451021
15,-65,0.5589907,-0.12249472,0.33754855,0.32440156,-0.63987213,0.74543285,0.19336987,-0.55778193,0.67475307,0.20991339,-0.29751652,0.41903448,0.27231523,0.8994604,-0.5954733,0.7386119,0.29345497,-0.91247165,1.0243406,0.21373263,-0.9147974,1.0282605,0.21323611,-0.6439222,0.7591258,0.27957633,0.8557074,-0.6934323,0.8017109,0.26172677,-0.80957305,0.92284995,0.23302838,-0.78844786,0.90323776,0.2380035,-0.67258114,0.77411777,0.26724136,0.7542724,-0.6550234,0.81044644,0.23591553,-0.580155,0.738123,0.25425616,-0.5871062,0.7405392,0.2524949,-0.5681246,0.7301093,0.2573334,0.41870955,-0.48397258,0.53145653,0.21517086,-0.23307317,0.33619556,0.27653345,-0.25826588,0.36144072,0.26965386,-0.380441,0.4621317,0.23864186
16,-64,0.5658799,-0.15020414,0.35955417,0.3183057,-0.64134526,0.7508744,0.19478007,-0.57279503,0.6892888,0.20860061,-0.2844678,0.40370384,0.2783136,0.89226323,-0.60304964,0.748099,0.28983673,-0.91404736,1.0228499,0.21236786,-0.87996954,0.9966525,0.21972963,-0.64450973,0.7555287,0.27806577,0.87331444,-0.717065,0.827034,0.2597534,-0.8101772,0.9201354,0.23665905,-0.8257157,0.9365704,0.23301014,-0.6762396,0.7875364,0.27057737,0.7703603,-0.6505866,0.80647534,0.24067764,-0.60897505,0.7673421,0.25090393,-0.60992754,0.7629718,0.25066504,-0.5820419,0.7444777,0.25775337,0.4216169,-0.48397237,0.53199446,0.21655753,-0.24132292,0.3418708,0.27602896,-0.25855324,0.35776535,0.2713136,-0.39757353,0.4737114,0.23609991
17,-63,0.56965715,-0.17678985,0.387216,0.31206346,-0.6375097,0.7432375,0.19685881,-0.5624051,0.6829127,0.21221319,-0.2892704,0.40988111,0.27886453,0.8894032,-0.6128864,0.7609154,0.2861488,-0.9013227,1.0130745,0.21444978,-0.88063186,0.9940395,0.21893315,-0.63293767,0.74795234,0.2804683,0.86921734,-0.7159139,0.8252009,0.25921297,-0.7948171,0.90918434,0.2395463,-0.83104235,0.9377935,0.23102397,-0.6743395,0.7835674,0.27021673,0.7656604,-0.66444016,0.8221445,0.23559293,-0.5857962,0.7432641,0.25486892,-0.6076548,0.76231784,0.24935828,-0.56517243,0.73653954,0.26017985,0.4244179,-0.48792082,0.532604,0.21538925,-0.24455002,0.3515981,0.27473792,-0.2643475,0.36814478,0.2693523,-0.37756217,0.4627552,0.24052055
18,-62,0.5549999,-0.15602463,0.36610955,0.3149583,-0.60608673,0.7136926,0.20081379,-0.55970263,0.67511696,0.21034777,-0.29577425,0.40900734,0.27388015,0.89489555,-0.62234426,0.7688874,0.2854808,-0.8813208,0.9954699,0.22034582,-0.88496745,0.9971448,0.21954374,-0.6610956,0.7792529,0.27462962,0.8660041,-0.7053174,0.8205866,0.2609409,-0.7875153,0.8988202,0.24034993,-0.8290539,0.9366181,0.23057067,-0.6781076,0.7869522,0.2681385,0.76582134,-0.6655959,0.8210054,0.23516494,-0.5768833,0.73512834,0.2569804,-0.6165065,0.7731248,0.24699709,-0.56190825,0.73484457,0.26085764,0.42159793,-0.480352,0.5261262,0.21642534,-0.23140308,0.34002247,0.27760375,-0.26844382,0.36834395,0.26750922,-0.3833889,0.4683979,0.23846173
19,-61,0.5470128,-0.15623505,0.36410984,0.3124897,-0.6045392,0.71145386,0.1995904,-0.53471756,0.6571043,0.21402417,-0.28805888,0.40129998,0.2738958,0.8868338,-0.6087447,0.7585106,0.285736,-0.8962337,1.0120851,0.21434337,-0.8683081,0.98625827,0.22041342,-0.63078487,0.74752295,0.27950722,0.8635747,-0.7002008,0.81121415,0.26128474,-0.809116,0.92223316,0.23432186,-0.8088516,0.9183016,0.23438384,-0.6673544,0.778452,0.27000952,0.76529634,-0.67214483,0.82600385,0.23409371,-0.5757759,0.73298705,0.25777587,-0.61517483,0.7686831,0.24781728,-0.56598115,0.7348251,0.26031312,0.43697014,-0.49358666,0.53925264,0.21731873,-0.25072512,0.35724068,0.27705798,-0.28120118,0.37669802,0.26874167,-0.40739113,0.49238527,0.23688166
20,-60,0.55534476,-0.16325995,0.36795616,0.31324163,-0.6034542,0.7091901,0.20169984,-0.5413999,0.6650924,0.21461266,-0.3101629,0.42465374,0.27044585,0.86778045,-0.60768807,0.7551748,0.2824368,-0.85006356,0.96141964,0.22164549,-0.83532774,0.9558735,0.22493581,-0.64909077,0.7649962,0.2709819,0.83946055,-0.6785588,0.78697383,0.2604727,-0.77879375,0.8873988,0.23563008,-0.791333,0.90433955,0.23269391,-0.63818824,0.75748664,0.27120328,0.7681039,-0.6684097,0.8267248,0.23561911,-0.5720817,0.7318513,0.25944498,-0.6221159,0.7727742,0.24678327,-0.5770755,0.74311686,0.2581526,0.4315971,-0.48303816,0.52811706,0.21884032,-0.2580947,0.36306158,0.27404323,-0.27999908,0.37478518,0.26810575,-0.39487225,0.47653472,0.2390107
21,-59,0.5291415,-0.1593791,0.3789875,0.30501178,-0.5609953,0.67515004,0.20412534,-0.475782,0.61096674,0.22228214,-0.2865781,0.4052948,0.2685807,0.8909165,-0.6117884,0.75595826,0.287667,-0.89539236,1.0088644,0.21663187,-0.86150837,0.97412884,0.22409803,-0.6692499,0.78414327,0.27160317,0.8303126,-0.6700719,0.7774038,0.26069853,-0.7619681,0.87445545,0.23780918,-0.79946405,0.9053414,0.2290574,-0.62603706,0.7401444,0.27243486,0.75188464,-0.6616558,0.81716913,0.23183946,-0.5684378,0.7310882,0.25449038,-0.58823377,0.75061476,0.24950205,-0.53111523,0.70958316,0.2641681,0.41972542,-0.46158105,0.5162514,0.21996103,-0.23472616,0.34169814,0.27597362,-0.27152324,0.36961818,0.26600313,-0.38249934,0.46701232,0.2380622
22,-58,0.52707106,-0.16820304,0.3772934,0.30262107,-0.55713034,0.6754465,0.2051116,-0.47723383,0.6095048,0.22217172,-0.28190827,0.4009149,0.27009565,0.8703396,-0.61114377,0.7517142,0.28283,-0.85752636,0.9736438,0.22106646,-0.8240664,0.9418959,0.22858849,-0.66681415,0.78114825,0.26751497,0.808867,-0.6598513,0.7733499,0.25653595,-0.7372516,0.8497805,0.23742896,-0.7754397,0.8849493,0.22853293,-0.5812913,0.7030855,0.27750218,0.7469652,-0.64556175,0.7974839,0.23508967,-0.56001145,0.72744507,0.256087,-0.5907996,0.7472019,0.24832271,-0.54292345,0.71684027,0.26050064,0.4153168,-0.45452338,0.50602776,0.22108313,-0.24479812,0.34746063,0.2726705,-0.25993133,0.3593864,0.2685752,-0.3821742,0.46478325,0.23767115
23,-57,0.52616274,-0.1607072,0.37392098,0.30409575,-0.55859643,0.6734305,0.2042722,-0.46510416,0.6049896,0.22429132,-0.28952605,0.40701127,0.26734066,0.87612426,-0.60756737,0.75355095,0.28473234,-0.8637184,0.98172194,0.22038996,-0.8332832,0.94894695,0.22720073,-0.66933614,0.7859105,0.26767698,0.8076862,-0.66432774,0.7762022,0.25639006,-0.72143316,0.8356485,0.24215896,-0.77076596,0.8738696,0.23050247,-0.609099,0.7261573,0.27094847,0.7489239,-0.64090437,0.80083317,0.23533118,-0.5637553,0.7307114,0.2542055,-0.5805984,0.7476219,0.24995972,-0.53928155,0.71688163,0.2605036,0.41377464,-0.4550244,0.50420225,0.22049789,-0.2340951,0.34113652,0.27501273,-0.26006868,0.3597994,0.26796162,-0.38484696,0.46731305,0.23652774
24,-56,0.5204419,-0.1608546,0.36699474,0.30368394,-0.5226517,0.64257824,0.2114927,-0.46831334,0.6029756,0.2233028,-0.31032923,0.4290882,0.26152053,0.87491596,-0.61890066,0.76473916,0.28094748,-0.8573816,0.9736591,0.22133708,-0.84267205,0.9629442,0.22461689,-0.6472356,0.76326466,0.27309856,0.82708514,-0.6867358,0.80846924,0.2540831,-0.74953556,0.8648647,0.23861745,-0.77169645,0.8783196,0.2333876,-0.61159086,0.7379698,0.27391183,0.73737204,-0.607049,0.76595515,0.24094264,-0.5612171,0.72917706,0.25224245,-0.5794719,0.7402768,0.24767958,-0.53425735,0.7135357,0.25913534,0.41755402,-0.45903715,0.51049244,0.22109233,-0.24228872,0.34166467,0.27460366,-0.26523745,0.361496,0.26837364,-0.39408085,0.47499102,0.23593038
25,-55,0.5404946,-0.17812322,0.38413325,0.30383846,-0.5569036,0.6748259,0.20803699,-0.4883294,0.6281898,0.22280344,-0.31367826,0.4272269,0.26532117,0.87791854,-0.6275149,0.7711966,0.27972752,-0.8541169,0.97425205,0.2230094,-0.8201146,0.94432634,0.23072265,-0.67580515,0.79205763,0.26654038,0.8240791,-0.6926309,0.8078642,0.2534297,-0.7376655,0.8501173,0.24226975,-0.7519197,0.85687786,0.2388409,-0.6462546,0.7697482,0.26545963,0.7343036,-0.61030376,0.7686554,0.23956582,-0.56052434,0.72292584,0.2517931,-0.5895056,0.7483432,0.24460052,-0.51302916,0.6939884,0.26404056,0.42140538,-0.46060753,0.5136174,0.22156857,-0.24490461,0.34680933,0.27490762,-0.27681372,0.37136707,0.26627406,-0.39222646,0.47002167,0.23724972
26,-54,0.53104156,-0.17249161,0.38230896,0.30273166,-0.55904853,0.6766957,0.20567347,-0.454288,0.5959818,0.22838902,-0.31240183,0.42737857,0.2632059,0.882445,-0.62605894,0.7752961,0.28038973,-0.8658744,0.98583627,0.22060306,-0.8365785,0.955508,0.22716142,-0.65700465,0.7783782,0.27184576,0.8342068,-0.6828022,0.7971069,0.2583169,-0.7648799,0.87159085,0.23796162,-0.78340816,0.88710594,0.23359321,-0.6380924,0.76228935,0.27012828,0.74515235,-0.6290966,0.7908938,0.23802476,-0.56615335,0.7247058,0.2534884,-0.6087818,0.7654905,0.24290967,-0.519566,0.69664747,0.26557714,0.41915774,-0.4559151,0.5074749,0.22151077,-0.2533017,0.3581132,0.27126187,-0.26744825,0.3649845,0.26745147,-0.37668145,0.4620056,0.23977594
27,-53,0.5329093,-0.19898799,0.40264297,0.29641688,-0.5478625,0.6686362,0.20911667,-0.45062703,0.59341383,0.23047163,-0.31482545,0.43009043,0.26399478,0.87823147,-0.64655113,0.7910352,0.2749866,-0.8389827,0.955513,0.2268504,-0.8483152,0.9648714,0.22474317,-0.652265,0.7723753,0.27341986,0.8232171,-0.6870978,0.8004851,0.25498825,-0.7519996,0.860351,0.23896463,-0.7642897,0.8663184,0.2360457,-0.6298882,0.74922687,0.27000138,0.75224453,-0.64384013,0.79435056,0.23672973,-0.5723429,0.7381467,0.254275,-0.6067013,0.7594619,0.24568686,-0.5374329,0.7154057,0.26330847,0.40780434,-0.4339911,0.49043855,0.2243176,-0.24602532,0.34457552,0.27070475,-0.25747067,0.35057685,0.26762408,-0.3775031,0.46163458,0.23735358
28,-52,0.53298944,-0.21060263,0.40997514,0.29420826,-0.5342113,0.6513173,0.21286948,-0.45853937,0.59733224,0.22960286,-0.32152274,0.43784583,0.26331937,0.8785701,-0.65154976,0.7946142,0.27328154,-0.8353829,0.9562564,0.22739062,-0.836214,0.9550208,0.22720173,-0.6557869,0.7810065,0.27212608,0.8271555,-0.67936105,0.7973284,0.2568254,-0.7520971,0.8609622,0.23880814,-0.7919202,0.8946958,0.22948493,-0.61141723,0.73470885,0.27488154,0.7571887,-0.6588758,0.8174515,0.23344071,-0.5833823,0.7447511,0.25174624,-0.6042819,0.76164085,0.24653946,-0.51979655,0.70259225,0.26827362,0.40443996,-0.4251593,0.48116282,0.22639923,-0.24927148,0.3471997,0.26993677,-0.263295,0.35284892,0.2661777,-0.37734926,0.4526621,0.2374863
29,-51,0.53385127,-0.21221896,0.41103503,0.29418525,-0.5234488,0.6443593,0.21550407,-0.4552641,0.5959619,0.2307107,-0.3372865,0.4499052,0.2596,0.8731554,-0.6416459,0.7830115,0.27434176,-0.8266349,0.9520464,0.2280091,-0.8213838,0.94044244,0.22920957,-0.6633946,0.7900979,0.2684396,0.82988507,-0.6813154,0.7955613,0.25747666,-0.7616428,0.86638564,0.23760311,-0.7961938,0.8964109,0.2295339,-0.6140695,0.74026036,0.27538633,0.7464785,-0.6498783,0.80183494,0.23434153,-0.5579545,0.7155905,0.25690424,-0.6092845,0.75768363,0.24405009,-0.52804506,0.7106578,0.2647042,0.40932548,-0.4377012,0.49362177,0.2232371,-0.24086116,0.34466735,0.27180216,-0.2743658,0.36817726,0.26284638,-0.35652554,0.44527143,0.24211434
30,-50,0.5102773,-0.17097321,0.37151492,0.29852358,-0.51227343,0.6316706,0.21220411,-0.41679186,0.5634514,0.23346455,-0.3253958,0.43994796,0.2558078,0.8616631,-0.66261476,0.8031477,0.26631507,-0.7840401,0.91059864,0.23586385,-0.8098423,0.92678297,0.22985588,-0.6564375,0.7854667,0.26796526,0.8102102,-0.6574539,0.76845306,0.2592941,-0.7325173,0.83704793,0.24054317,-0.7749151,0.8738093,0.23055783,-0.6184592,0.7441022,0.26960492,0.74478984,-0.64408726,0.8021384,0.23437229,-0.5544138,0.71551335,0.2563604,-0.6043662,0.756392,0.24386917,-0.51976705,0.7044268,0.26539811,0.40389717,-0.43273214,0.48796773,0.223783,-0.24426322,0.3457796,0.2701955,-0.26351467,0.35519665,0.2650436,-0.35870367,0.44071636,0.24097791
31,-49,0.5013086,-0.18507124,0.38886473,0.29160324,-0.48579663,0.60774016,0.21586832,-0.39672852,0.5465717,0.23597758,-0.31313834,0.43132728,0.2565509,0.8377265,-0.6310978,0.76754546,0.2688201,-0.7643956,0.8876566,0.23527254,-0.79240113,0.90864223,0.22877501,-0.63739586,0.7650043,0.26713237,0.8049181,-0.6714218,0.78609353,0.2536469,-0.72771066,0.83595455,0.23976383,-0.7554721,0.8570746,0.23319916,-0.59646523,0.723615,0.2733901,0.7436511,-0.63455164,0.7893729,0.2368697,-0.5655707,0.7215137,0.25378594,-0.6190224,0.7679204,0.24057683,-0.5082152,0.69199437,0.2687675,0.39916444,-0.42255002,0.47982368,0.22484887,-0.23993234,0.33975333,0.26989856,-0.2616872,0.3531861,0.2640904,-0.35250893,0.43759364,0.24116217
32,-48,0.5004068,-0.18901649,0.3847407,0.29174596,-0.48230603,0.6004211,0.21758592,-0.4113199,0.5569947,0.23359293,-0.31553143,0.42960206,0.2570752,0.8386381,-0.64590293,0.78139263,0.26523453,-0.78070265,0.9022599,0.23178604,-0.7804243,0.89837825,0.23185056,-0.62392324,0.750268,0.27112883,0.7920912,-0.6436763,0.76063037,0.25673738,-0.7042518,0.81408143,0.24164706,-0.75254494,0.85539687,0.23025447,-0.58827955,0.72100806,0.2713611,0.7332322,-0.6323612,0.7856052,0.23462524,-0.5469096,0.7092002,0.2555559,-0.6051079,0.754742,0.24110748,-0.49671283,0.6803131,0.2687114,0.39131647,-0.41876844,0.47575492,0.22394203,-0.23518413,0.33446944,0.26907,-0.25706342,0.34991843,0.26324686,-0.33404887,0.4181607,0.24374114
33,-47,0.48867214,-0.18050905,0.38373396,0.29008952,-0.46914566,0.5880587,0.21735953,-0.38454467,0.5327501,0.23654866,-0.30551216,0.42276797,0.25600228,0.8263741,-0.6062334,0.7440211,0.27238396,-0.76222754,0.884866,0.23304196,-0.7805505,0.8922892,0.22881082,-0.63084,0.7606665,0.26576328,0.78719676,-0.63872504,0.75527126,0.2573964,-0.7046729,0.81207883,0.24096932,-0.7437699,0.8406772,0.23172991,-0.5912746,0.7240372,0.2699044,0.71806026,-0.61257994,0.7677267,0.23563918,-0.53983945,0.6983262,0.25341848,-0.5818867,0.7318251,0.24298385,-0.4840497,0.6728306,0.26795846,0.38773882,-0.40920365,0.468996,0.22578092,-0.23240425,0.3267237,0.2694451,-0.25373313,0.3451971,0.263759,-0.34390977,0.4235153,0.24101497
34,-46,0.4863534,-0.17755544,0.37351388,0.29178518,-0.47147942,0.5869319,0.21747716,-0.388742,0.5298183,0.23623599,-0.314266,0.42690185,0.25450164,0.8201569,-0.6024183,0.74067974,0.27218077,-0.77213776,0.8920855,0.22969379,-0.77674586,0.8867591,0.22863775,-0.61236185,0.7354967,0.26948774,0.76190597,-0.621018,0.7404509,0.2551664,-0.6776174,0.7848619,0.24112529,-0.7198557,0.8192005,0.23115264,-0.55509126,0.68570507,0.27255562,0.7118111,-0.5915619,0.75342846,0.23811819,-0.52838296,0.69402313,0.25364766,-0.5694195,0.72576165,0.24344952,-0.48541224,0.672557,0.26478463,0.3989604,-0.41938907,0.47834468,0.2255057,-0.23763274,0.33550087,0.27045393,-0.25033042,0.34709176,0.26704153,-0.36967927,0.45112023,0.23699886
35,-45,0.4871981,-0.19932565,0.38508537,0.2867705,-0.46834785,0.5821962,0.21912888,-0.39187634,0.53257126,0.23654336,-0.30676562,0.42330733,0.2575573,0.80379695,-0.59244186,0.7324386,0.2700144,-0.74635303,0.8636454,0.23149635,-0.7639066,0.877433,0.22746821,-0.5887208,0.7163981,0.271021,0.7719331,-0.61560357,0.7370881,0.2583514,-0.69808435,0.8064194,0.23789749,-0.74180496,0.8369775,0.22772056,-0.5494127,0.6858036,0.27603054,0.71010655,-0.587867,0.75371593,0.23770149,-0.5143417,0.681982,0.25583708,-0.57577705,0.7317408,0.2405927,-0.47587994,0.6711319,0.26586872,0.39450887,-0.42460582,0.48199672,0.22404814,-0.23373978,0.33042884,0.27116486,-0.25560963,0.34652236,0.2652989,-0.3579633,0.43361574,0.23948805
36,-44,0.47561458,-0.16446738,0.347552,0.29415408,-0.46291563,0.5731838,0.2182531,-0.4055428,0.53909904,0.23114109,-0.30163053,0.4138381,0.25645176,0.8068976,-0.5992067,0.733269,0.26956645,-0.7501048,0.8716436,0.23180974,-0.76586366,0.8741389,0.22818531,-0.5959769,0.7250738,0.27043852,0.7604444,-0.62169033,0.73853344,0.2543822,-0.6723111,0.7796805,0.24182567,-0.719872,0.8191378,0.23059347,-0.550329,0.68757963,0.27319866,0.7063182,-0.5801445,0.73903435,0.24032795,-0.528006,0.6926568,0.2531907,-0.57294846,0.72580427,0.24206361,-0.48461875,0.66445315,0.26441774,0.38947606,-0.39263597,0.45524782,0.22955033,-0.22892165,0.3280063,0.27038223,-0.25212377,0.3469889,0.264181,-0.36540753,0.44280472,0.23588648
37,-43,0.47412506,-0.19182016,0.37081805,0.28717652,-0.45080343,0.55610627,0.22165316,-0.39285952,0.52774864,0.23487602,-0.30559105,0.4164658,0.25629425,0.80788416,-0.6130064,0.7428165,0.26659504,-0.73916084,0.8593538,0.23499784,-0.7660606,0.8729016,0.22876075,-0.60162574,0.7337336,0.2696464,0.7609954,-0.61626273,0.7319051,0.2566925,-0.6755749,0.7816387,0.2419102,-0.72534925,0.8228532,0.23016407,-0.56116265,0.68890184,0.2712332,0.7048513,-0.5815195,0.7399836,0.23919195,-0.53289026,0.70014036,0.25111112,-0.5667079,0.7182491,0.24276112,-0.47177768,0.6567982,0.2669358,0.38576213,-0.399124,0.4587014,0.22733332,-0.23062687,0.33192965,0.26905462,-0.2451808,0.33722258,0.26516718,-0.35140315,0.42975596,0.23844485
38,-42,0.45157474,-0.17365776,0.35074222,0.2857526,-0.44226518,0.551774,0.21844165,-0.35505044,0.48664826,0.23834845,-0.27793014,0.39184812,0.25745732,0.793103,-0.6147024,0.74274296,0.26280412,-0.7211599,0.8405165,0.23626438,-0.7536372,0.85998595,0.2287144,-0.5795115,0.7084146,0.2722171,0.75050133,-0.612454,0.7306474,0.25534254,-0.67218983,0.7756914,0.2405361,-0.70056325,0.7942982,0.23380716,-0.55547506,0.6866402,0.2703142,0.69607955,-0.5817067,0.73587376,0.23789343,-0.5116875,0.6765484,0.25514758,-0.56136453,0.7139492,0.24278226,-0.4769112,0.6554105,0.26417673,0.37944445,-0.38794044,0.4539823,0.22893074,-0.2281601,0.32287657,0.26859373,-0.25124353,0.34021324,0.26246464,-0.3406757,0.4144555,0.24001089
39,-41,0.45115644,-0.1759437,0.34473482,0.28588438,-0.4330677,0.53932947,0.22106649,-0.3607927,0.4962042,0.23763564,-0.28864762,0.39904216,0.25541347,0.7799627,-0.6003828,0.7274778,0.26302835,-0.7023132,0.8241341,0.23753892,-0.73014575,0.8391687,0.23101875,-0.5801141,0.7095887,0.268414,0.7498342,-0.61400616,0.7238753,0.25472316,-0.6708808,0.7765755,0.24064013,-0.70802367,0.8033061,0.23186603,-0.54555184,0.6785187,0.27277073,0.6947586,-0.58221966,0.7419058,0.23726112,-0.5062024,0.66609234,0.25600028,-0.5680528,0.7187034,0.24064627,-0.46753767,0.6497638,0.2660923,0.3759239,-0.37742952,0.44054085,0.23042886,-0.22791807,0.3259701,0.26758936,-0.24461956,0.33268055,0.26315734,-0.34164298,0.41863394,0.23882443
40,-40,0.45027348,-0.1945392,0.36321148,0.28041968,-0.41664046,0.52613336,0.2245697,-0.36246616,0.49750903,0.23707116,-0.27810138,0.3891125,0.2579395,0.77287656,-0.57292724,0.7072418,0.26875398,-0.6927363,0.81234264,0.2384089,-0.7280236,0.8340275,0.2301428,-0.5957326,0.7182073,0.26269427,0.7265857,-0.5993738,0.7115541,0.25284868,-0.64037585,0.7412007,0.24269103,-0.6925034,0.7903132,0.23036423,-0.5186863,0.6458963,0.27409607,0.6859465,-0.5834252,0.7336304,0.23608294,-0.50907063,0.66493386,0.25430587,-0.55655664,0.70595396,0.24251212,-0.45998865,0.63667387,0.26709908,0.38201347,-0.38089556,0.4487529,0.23111188,-0.23677945,0.33080542,0.26693845,-0.2544656,0.3423178,0.26225883,-0.34444764,0.4197978,0.23969084
41,-39,0.4359552,-0.19488661,0.36585385,0.27638668,-0.40420985,0.51320535,0.22418636,-0.3165362,0.45520145,0.24472897,-0.2766088,0.38982317,0.25469804,0.7571169,-0.56391627,0.6929667,0.26715642,-0.68933547,0.8062636,0.23566589,-0.6928667,0.8034339,0.23483518,-0.58209974,0.70849794,0.26234248,0.72498083,-0.6039951,0.7200966,0.25080055,-0.62990654,0.7372712,0.24438545,-0.6770978,0.773708,0.23312046,-0.52397853,0.65438396,0.27169353,0.6711708,-0.5680323,0.71625346,0.23598422,-0.49632263,0.6546171,0.2535281,-0.54266065,0.6908397,0.24204813,-0.43917125,0.6196755,0.26843962,0.37686738,-0.3668788,0.4354044,0.23352374,-0.23865277,0.33136415,0.2654721,-0.25110614,0.33591756,0.26218662,-0.3444629,0.41875553,0.2388175
42,-38,0.42001635,-0.16127609,0.32885832,0.28134564,-0.3931006,0.50300103,0.2231311,-0.30496866,0.4446317,0.24368864,-0.27208754,0.3825695,0.2518346,0.7357815,-0.53935313,0.66911846,0.26914927,-0.65312105,0.76743644,0.24020632,-0.6892857,0.7958151,0.23167454,-0.57790756,0.69343776,0.25896987,0.7105162,-0.5848944,0.70164794,0.25209716,-0.60988885,0.7134049,0.2458742,-0.66046184,0.76041245,0.23374882,-0.52267843,0.65426534,0.26827982,0.6605486,-0.5566838,0.707816,0.2362426,-0.48211634,0.63865376,0.25453204,-0.5250689,0.67218846,0.24383073,-0.44032523,0.623467,0.2653946,0.37269324,-0.3513277,0.42372864,0.23592849,-0.22972642,0.32022354,0.26643494,-0.25592726,0.34082752,0.25954476,-0.3422004,0.41948795,0.23809175
43,-37,0.43152493,-0.20769168,0.37114474,0.27310762,-0.39486736,0.50321895,0.22648762,-0.30815515,0.44577023,0.24700351,-0.28258345,0.390751,0.25340125,0.7414835,-0.531084,0.6702941,0.27111605,-0.67496806,0.791882,0.23478326,-0.6833671,0.793928,0.23281957,-0.5680338,0.68965566,0.26128116,0.6985219,-0.5700764,0.6860772,0.25253937,-0.58592457,0.6973215,0.24856862,-0.63992727,0.74449813,0.23550127,-0.52800506,0.65652233,0.26339072,0.6587601,-0.54745686,0.69644976,0.23813269,-0.48376063,0.6413411,0.2537943,-0.5273015,0.67528105,0.242981,-0.44020784,0.61998785,0.26509202,0.37800583,-0.3661916,0.43922752,0.23417008,-0.24520046,0.32963556,0.26428783,-0.25489834,0.33861005,0.2617372,-0.3424134,0.41789708,0.23980492
44,-36,0.42101294,-0.15990774,0.32632267,0.28197488,-0.39386687,0.5037686,0.22315328,-0.3134129,0.45241076,0.24184881,-0.2682454,0.38062006,0.253023,0.7252756,-0.5191189,0.6659433,0.26930243,-0.6424956,0.760078,0.23804466,-0.6689368,0.7811444,0.23183297,-0.5511235,0.6779544,0.26081997,0.6783463,-0.5456904,0.66333276,0.25431618,-0.5754742,0.6818238,0.24685334,-0.6381392,0.7351949,0.231859,-0.4971267,0.6203572,0.2669715,0.65350556,-0.53610903,0.6862577,0.23988663,-0.48541853,0.64109546,0.25236008,-0.51688504,0.66707116,0.2445428,-0.4433215,0.61757165,0.26321048,0.37242055,-0.3487391,0.41906738,0.23728688,-0.24451339,0.3298695,0.26335308,-0.25453305,0.33716443,0.26072752,-0.34308425,0.41636464,0.23863252
45,-35,0.40184098,-0.15253685,0.32349882,0.2782925,-0.36598992,0.47658452,0.22480193,-0.28113386,0.4223235,0.24471046,-0.25100642,0.36783913,0.25219512,0.7091904,-0.47293,0.6185702,0.2765834,-0.6514804,0.7687403,0.23135704,-0.66397524,0.7727803,0.22848424,-0.5211032,0.65337205,0.26357535,0.66870815,-0.5492993,0.66290265,0.2506949,-0.56925356,0.6771263,0.24574202,-0.6245465,0.7220122,0.23252307,-0.47126946,0.59840035,0.27104002,0.6467773,-0.51334196,0.67160624,0.24328786,-0.4780043,0.62938327,0.25203878,-0.5210974,0.66928595,0.24140832,-0.43442598,0.6140492,0.26326504,0.37799752,-0.35301816,0.4269765,0.23675969,-0.241383,0.33078703,0.26472217,-0.26010302,0.34735203,0.25981265,-0.3448333,0.41934323,0.23870547
46,-34,0.4023813,-0.18395247,0.3441164,0.27168384,-0.36561918,0.47233626,0.22655149,-0.29020154,0.42223498,0.2442983,-0.23770255,0.3559749,0.25746632,0.7133458,-0.49180496,0.6364919,0.27293584,-0.6471578,0.7605717,0.23366393,-0.67115676,0.7814242,0.22812301,-0.5202665,0.6528841,0.26527718,0.6740497,-0.54761475,0.6601335,0.25245374,-0.5725757,0.6793116,0.24623026,-0.6381394,0.73378354,0.23060434,-0.47778854,0.60882944,0.27071166,0.64607424,-0.52167684,0.6799142,0.24146311,-0.4918668,0.6392842,0.2487695,-0.5054739,0.64960855,0.24540739,-0.43108183,0.614489,0.26435998,0.38007587,-0.35779023,0.427314,0.23645702,-0.24625725,0.33636802,0.26435673,-0.26209164,0.34743333,0.26020378,-0.34716633,0.4214919,0.2389825
47,-33,0.4005035,-0.1787264,0.33919695,0.27231058,-0.34520203,0.45502764,0.23055,-0.28413528,0.41922525,0.2450677,-0.255956,0.37598348,0.25207174,0.7089652,-0.5010695,0.6370758,0.27051508,-0.64617926,0.76248175,0.2339759,-0.65184224,0.7598426,0.23265466,-0.52979696,0.6576916,0.26285443,0.6757584,-0.5329068,0.6533477,0.2556015,-0.58564585,0.6928062,0.2424706,-0.63506603,0.732276,0.23077893,-0.47385776,0.6085053,0.271149,0.6452352,-0.5140414,0.66941154,0.24332505,-0.48560122,0.6337101,0.2503446,-0.51398766,0.66235095,0.24333812,-0.43631506,0.61336255,0.26299226,0.38428894,-0.3606709,0.43598887,0.23657177,-0.2358384,0.32644376,0.26802602,-0.27294955,0.35794216,0.2582616,-0.35826945,0.42941642,0.23714057
48,-32,0.4041324,-0.17446242,0.32749885,0.27526188,-0.361742,0.46563902,0.22825041,-0.31368467,0.4425019,0.23948736,-0.24310772,0.3617812,0.2570004,0.6991068,-0.49769118,0.6385067,0.2689305,-0.60806286,0.7228605,0.24082758,-0.65322196,0.7620284,0.23019394,-0.53127813,0.65728784,0.26004794,0.68592715,-0.5632616,0.67494035,0.2517346,-0.5875057,0.69163543,0.24570493,-0.6519101,0.7480517,0.23037925,-0.48516902,0.6146243,0.27218118,0.6442541,-0.5279514,0.6853203,0.23901804,-0.4726042,0.6261438,0.25261992,-0.50659394,0.6521016,0.24417777,-0.42784372,0.61327827,0.26418424,0.39057887,-0.3746553,0.44261715,0.23540065,-0.24857718,0.3372405,0.2670316,-0.2720072,0.3578635,0.26084775,-0.3690663,0.438906,0.23671997
49,-31,0.40251708,-0.18859266,0.33900335,0.2708493,-0.35855344,0.46424446,0.22851498,-0.29935974,0.4320742,0.24245001,-0.23647588,0.35748962,0.25818574,0.70599455,-0.5154223,0.648915,0.26653075,-0.6320696,0.74853075,0.23718545,-0.64971113,0.7574784,0.23303783,-0.5278232,0.6523287,0.26324597,0.6867795,-0.5617238,0.67106533,0.2529929,-0.58492815,0.68933594,0.24718997,-0.65146846,0.7422613,0.23127717,-0.5020856,0.63164496,0.26853994,0.64852524,-0.53563356,0.6859575,0.23925745,-0.47108638,0.6253148,0.2552102,-0.52349406,0.66618717,0.24217962,-0.4396794,0.6158039,0.26335275,0.39376724,-0.37701985,0.45018318,0.23572358,-0.2508247,0.3384484,0.26742926,-0.27530104,0.3588081,0.260963,-0.37633908,0.44151273,0.23588412
50,-30,0.3974048,-0.17710783,0.32716244,0.2725328,-0.35871512,0.4645839,0.22727293,-0.28444624,0.41928405,0.24479482,-0.24203768,0.36267045,0.25539953,0.6940722,-0.5129389,0.64588815,0.26433873,-0.5979118,0.7138539,0.24280496,-0.6406211,0.75056386,0.23265328,-0.528708,0.6524431,0.26020306,0.672151,-0.53748995,0.6498501,0.25537574,-0.57801855,0.6794245,0.24523267,-0.6278693,0.7203656,0.23330738,-0.49641305,0.6274176,0.26608425,0.6337258,-0.52730066,0.68087107,0.23737766,-0.457653,0.60891527,0.2544998,-0.49856532,0.643932,0.24429773,-0.42166778,0.6015649,0.2638248,0.37818533,-0.35241607,0.4280639,0.23685479,-0.24437384,0.3345389,0.2638787,-0.24534065,0.33527276,0.2636237,-0.3575461,0.42901576,0.23564282
51,-29,0.38728318,-0.1740109,0.3246005,0.26996288,-0.3342719,0.44233817,0.22998714,-0.27581927,0.4153195,0.24383117,-0.2262636,0.35100204,0.2562188,0.6708475,-0.4955816,0.6322251,0.26137164,-0.57548875,0.69880754,0.24129885,-0.59652287,0.7116966,0.23627633,-0.4968008,0.6276119,0.26105317,0.6660508,-0.52506304,0.63747895,0.25667605,-0.5823681,0.6817678,0.24238074,-0.6228648,0.7174268,0.23276119,-0.4812119,0.6124443,0.268182,0.61723465,-0.51735216,0.6712314,0.2350351,-0.42173547,0.57936895,0.25861788,-0.482875,0.6315475,0.24327977,-0.40467748,0.58886707,0.26306725,0.38212565,-0.3523497,0.43387994,0.23794708,-0.24070998,0.3276191,0.266051,-0.26302472,0.34823507,0.26017988,-0.36132067,0.4324334,0.23582199
52,-28,0.38886276,-0.17842954,0.32565802,0.2695048,-0.35007018,0.45823294,0.22699901,-0.2598499,0.4015653,0.24843118,-0.23349707,0.35299903,0.25506505,0.6558195,-0.46928716,0.6119465,0.2641444,-0.55434364,0.6730014,0.24260615,-0.60042477,0.71567774,0.23168026,-0.47908407,0.6072577,0.2615692,0.64626944,-0.5180645,0.6325841,0.25315005,-0.54883367,0.65319914,0.24547943,-0.5921716,0.69045866,0.2350681,-0.4674144,0.5974008,0.2663024,0.61210114,-0.49533927,0.65038383,0.2399353,-0.4411918,0.5904008,0.25328538,-0.4673939,0.61635315,0.24673495,-0.41485628,0.59324044,0.2600444,0.38030463,-0.36444643,0.43901974,0.23535696,-0.23814131,0.32293755,0.26704267,-0.2645465,0.3455513,0.26008365,-0.35531175,0.42891186,0.23751675
53,-27,0.37789,-0.18808284,0.3306344,0.26367834,-0.3155282,0.42586312,0.232127,-0.24003081,0.39490643,0.25033048,-0.22601348,0.3486998,0.25386417,0.6539184,-0.46550804,0.6049435,0.26514527,-0.56717956,0.6859212,0.23951265,-0.58804613,0.6987858,0.23456664,-0.48212627,0.61151356,0.26077545,0.63636965,-0.48909968,0.6114685,0.25826198,-0.54628277,0.6446258,0.24390805,-0.594714,0.6882526,0.23237677,-0.4616356,0.58732,0.2654532,0.6025656,-0.474333,0.6368328,0.24267438,-0.434407,0.581404,0.25255942,-0.46027482,0.60716385,0.24611004,-0.41055384,0.5863882,0.25865617,0.377478,-0.33971822,0.42241606,0.24077745,-0.24932675,0.33013707,0.26355565,-0.26160055,0.33908936,0.2603406,-0.362618,0.43242878,0.23532633
54,-26,0.37427282,-0.18928388,0.32948947,0.26262596,-0.31517836,0.42800272,0.23155938,-0.22406703,0.37644914,0.25364804,-0.22992484,0.35262942,0.2521666,0.6470944,-0.46174365,0.60398895,0.2647288,-0.5569787,0.671198,0.24068065,-0.5941617,0.700738,0.23189574,-0.46945646,0.5971715,0.26269487,0.6203394,-0.48751372,0.6017728,0.25530192,-0.5376099,0.6387685,0.24282736,-0.57412297,0.6644746,0.2341209,-0.43990758,0.562986,0.26774982,0.5901363,-0.44365168,0.60800236,0.2468839,-0.43302402,0.58291185,0.24952169,-0.4514277,0.59792334,0.24497156,-0.3971987,0.57080007,0.2586229,0.38469785,-0.33191052,0.4176175,0.2443144,-0.26407725,0.34305516,0.26146206,-0.28686273,0.35992965,0.2555719,-0.35536164,0.42895374,0.23865162
55,-25,0.3681722,-0.16513145,0.3044707,0.2664699,-0.31111053,0.42841318,0.23027681,-0.21804124,0.37593073,0.2527375,-0.2268709,0.35239524,0.25051576,0.64882934,-0.4530423,0.5928039,0.2678494,-0.55542886,0.67172045,0.24178244,-0.5871947,0.69530845,0.23422273,-0.497722,0.6229506,0.2561454,0.6154836,-0.48387992,0.6049355,0.25472245,-0.53326267,0.6280717,0.24244907,-0.5746854,0.6691687,0.23261133,-0.4248284,0.54562885,0.27021715,0.5910645,-0.45042533,0.6110214,0.24654411,-0.43920982,0.5785363,0.2493248,-0.46795285,0.6064146,0.24226044,-0.3901155,0.5666406,0.26187068,0.38827398,-0.34317285,0.43112898,0.24249184,-0.2730494,0.3475237,0.2601066,-0.28948236,0.36120883,0.2558672,-0.34712926,0.4253026,0.24153434
56,-24,0.375682,-0.20249665,0.3306404,0.25993502,-0.3214172,0.43729234,0.23079067,-0.23905987,0.3876101,0.2506026,-0.20736869,0.3340786,0.2586717,0.64011717,-0.4657548,0.5942438,0.26196074,-0.53873736,0.66021675,0.24352318,-0.5875778,0.69476897,0.23191516,-0.4633139,0.5974834,0.26260093,0.6262865,-0.49962187,0.61650395,0.25330386,-0.54316586,0.6417044,0.24251069,-0.5781951,0.6704136,0.2341628,-0.43570572,0.5625398,0.27002266,0.59288317,-0.4514738,0.6152407,0.2466952,-0.44552043,0.5871901,0.24816824,-0.459912,0.60172397,0.24462226,-0.3969697,0.5654483,0.26051426,0.38805357,-0.33547544,0.42667738,0.2446911,-0.2707982,0.34170896,0.26104006,-0.2904825,0.3589581,0.2559519,-0.36187074,0.43721852,0.23831692
57,-23,0.3754533,-0.21409273,0.3379524,0.2580207,-0.3093781,0.4261221,0.23457007,-0.24875148,0.39156112,0.2492312,-0.21348311,0.33559024,0.25817803,0.64502776,-0.47671682,0.6048769,0.26090923,-0.5626321,0.67725265,0.2394291,-0.5968772,0.7039106,0.2313686,-0.44880933,0.5762226,0.2682931,0.6234943,-0.48530295,0.60501814,0.2561971,-0.529349,0.6300723,0.24515754,-0.58400446,0.6784729,0.23211794,-0.44577274,0.56630063,0.26652747,0.59784,-0.46853575,0.63497883,0.2442424,-0.435324,0.5760934,0.2524903,-0.47019866,0.6109656,0.24383657,-0.40820724,0.56970674,0.2594307,0.4008094,-0.35293043,0.4385635,0.2434673,-0.286523,0.36131233,0.26018426,-0.3013724,0.3742707,0.25634924,-0.36727747,0.44109532,0.2399992
58,-22,0.37962127,-0.1984707,0.31797418,0.2637695,-0.32350665,0.43693322,0.23276739,-0.27098188,0.40625387,0.24532026,-0.22003327,0.34252873,0.25814283,0.64924085,-0.47365257,0.5995327,0.2627386,-0.5530118,0.6727034,0.24269374,-0.6040187,0.71110624,0.23062508,-0.46908036,0.5965352,0.26394263,0.6068865,-0.49487826,0.61503595,0.24937002,-0.5016679,0.6042003,0.24768263,-0.5434884,0.6418843,0.23753804,-0.4325431,0.55840117,0.26540926,0.60411227,-0.48177293,0.6427673,0.24222574,-0.43898675,0.5870645,0.25281456,-0.47479308,0.61603713,0.24392235,-0.40697962,0.5704008,0.26103732,0.39708066,-0.34607545,0.43633443,0.24339014,-0.263418,0.3437146,0.264363,-0.29011992,0.3691467,0.2573974,-0.3817965,0.45315123,0.23484944
59,-21,0.38072497,-0.18914461,0.31227526,0.26579183,-0.3303254,0.4405399,0.23079565,-0.29614338,0.42786294,0.23882109,-0.19367106,0.3222083,0.26459146,0.6498307,-0.4714304,0.59447557,0.26346588,-0.5618956,0.682623,0.24067771,-0.60739064,0.71433055,0.2299734,-0.46229792,0.58929807,0.265883,0.619075,-0.4961116,0.6213102,0.25155234,-0.52248925,0.624768,0.24500372,-0.555412,0.65697235,0.23706885,-0.43885732,0.56275237,0.26637506,0.5962697,-0.46928498,0.6272491,0.24349397,-0.42412096,0.57448643,0.25474325,-0.45896012,0.6057941,0.24602105,-0.42020905,0.579276,0.25574175,0.4033646,-0.35656875,0.44227332,0.24258834,-0.2731786,0.35388857,0.26368523,-0.29189953,0.37052754,0.25879472,-0.38864002,0.46034285,0.23493166
60,-20,0.3678437,-0.16534266,0.28817922,0.26901773,-0.3390226,0.44461945,0.22612713,-0.28562382,0.41117132,0.23853025,-0.17540282,0.30502218,0.26632494,0.6326544,-0.46270669,0.5872805,0.26093182,-0.5294023,0.6524751,0.24409646,-0.58791244,0.6997957,0.2302241,-0.4481886,0.57363844,0.26474765,0.60831255,-0.48493055,0.60525453,0.2523799,-0.50176334,0.60763514,0.24816722,-0.54751915,0.6434017,0.23706797,-0.44605345,0.5691065,0.26238492,0.59124917,-0.4661999,0.6223764,0.2427713,-0.40991157,0.56468546,0.25682843,-0.4409601,0.59193766,0.2489768,-0.43118116,0.5904973,0.25142348,0.40923947,-0.3809598,0.46498823,0.23811325,-0.26909196,0.3538337,0.26629755,-0.28662914,0.3684667,0.26166815,-0.39872244,0.46666738,0.23392107
61,-19,0.37473384,-0.17342086,0.30320632,0.26805753,-0.34071788,0.44348902,0.22676282,-0.29411352,0.42144346,0.23758107,-0.17513433,0.3081882,0.2675986,0.6341059,-0.45940548,0.58491397,0.26168332,-0.55050355,0.6717891,0.23889807,-0.5906972,0.7036426,0.22948626,-0.42836896,0.55386186,0.2699324,0.58852154,-0.45897013,0.5787291,0.25320026,-0.49087682,0.597985,0.24524903,-0.52441937,0.62533224,0.2371592,-0.4157198,0.5416621,0.26439154,0.58116645,-0.44860172,0.6064955,0.24430683,-0.4017327,0.55387104,0.2560298,-0.42983437,0.5830891,0.24893512,-0.42265707,0.5857383,0.2507282,0.40248984,-0.3673133,0.45153984,0.23968692,-0.2646495,0.3495648,0.26560158,-0.2776463,0.36162543,0.26217192,-0.39758632,0.4626294,0.23253961
62,-18,0.3506928,-0.16059493,0.28151646,0.26646936,-0.3210872,0.42023304,0.22695844,-0.25923118,0.3862931,0.2414405,-0.16562782,0.29443836,0.26513162,0.6103033,-0.45392585,0.57218075,0.25735027,-0.5054366,0.6276152,0.2444296,-0.5696782,0.683932,0.2292208,-0.40965518,0.53961027,0.2689993,0.58065337,-0.45967782,0.57422864,0.25165525,-0.47570708,0.5818915,0.24765357,-0.5349887,0.63407165,0.23339897,-0.39939556,0.5195291,0.2672922,0.5641464,-0.43814537,0.5977248,0.24376088,-0.39537907,0.54368,0.2544118,-0.40323868,0.55216813,0.25242004,-0.41524604,0.5694629,0.24940728,0.39884663,-0.3591824,0.44184384,0.24108481,-0.26394814,0.34604788,0.26517314,-0.27546778,0.3595055,0.26213598,-0.39929327,0.46224442,0.23160605
63,-17,0.3415548,-0.1711866,0.28934133,0.2615345,-0.3050697,0.4034187,0.2287622,-0.2449752,0.37856188,0.24293105,-0.15135746,0.27651525,0.26677227,0.60340166,-0.44184124,0.5647039,0.25890774,-0.51215297,0.6320674,0.24132876,-0.5566847,0.66686803,0.23081775,-0.4038034,0.53122103,0.26894575,0.560548,-0.42644355,0.5448457,0.2556506,-0.47480533,0.57279986,0.24358109,-0.5084089,0.6064042,0.23553191,-0.3896339,0.5053148,0.26523638,0.5576689,-0.42900163,0.5880084,0.24477048,-0.38861874,0.53344536,0.25485733,-0.4080797,0.55236155,0.2499455,-0.40615645,0.5623442,0.25042668,0.396174,-0.3467922,0.4344131,0.24317303,-0.2706373,0.35266712,0.26241526,-0.2724528,0.35403535,0.2619393,-0.39179385,0.45748687,0.23247245
64,-16,0.33537257,-0.17768657,0.2866315,0.25896114,-0.27899095,0.383164,0.23401228,-0.23710251,0.37344772,0.2440229,-0.16219649,0.2837251,0.2630037,0.5782895,-0.43225446,0.5546591,0.2547708,-0.46469685,0.5859331,0.24663806,-0.5306379,0.64501953,0.2308991,-0.38278154,0.51165557,0.26769206,0.548739,-0.40112704,0.5224426,0.25911424,-0.4610737,0.55859584,0.24403764,-0.50864816,0.60149074,0.23269948,-0.38188422,0.499149,0.26414862,0.5474724,-0.3961593,0.5586706,0.24976732,-0.39185867,0.5392666,0.2508438,-0.39846584,0.5413545,0.24919191,-0.39444065,0.55319244,0.25019696,0.395368,-0.33683237,0.43085212,0.24610488,-0.2721148,0.34554854,0.26255885,-0.29372713,0.36420345,0.25694525,-0.3855994,0.45437998,0.23439102
65,-15,0.33698195,-0.20822974,0.30858892,0.25179154,-0.27307394,0.387059,0.23598245,-0.21095553,0.35330263,0.25110617,-0.17185181,0.28776622,0.26111984,0.57560146,-0.44285768,0.5657615,0.25104624,-0.4588837,0.587003,0.24705504,-0.5135133,0.6290647,0.23392054,-0.37758917,0.5072961,0.2679782,0.5465666,-0.41116375,0.539394,0.25568995,-0.44856533,0.54765284,0.24630338,-0.5087367,0.597386,0.23192,-0.3713072,0.48998365,0.2660867,0.5405228,-0.39207315,0.55257523,0.24896091,-0.36705998,0.5153815,0.25526676,-0.40570247,0.54845685,0.24559079,-0.38718238,0.54896855,0.2501815,0.39739105,-0.3203616,0.42317784,0.25061235,-0.29012164,0.35802442,0.25830662,-0.30607468,0.37547636,0.25421852,-0.376789,0.44368547,0.23686251
66,-14,0.3290824,-0.20461132,0.3034505,0.24981463,-0.24930665,0.3724136,0.23889491,-0.19465429,0.34442386,0.25231442,-0.16859493,0.28582257,0.258976,0.5762924,-0.4350971,0.55340177,0.2537563,-0.46596405,0.5870837,0.24604331,-0.5156102,0.6340149,0.23412642,-0.38769734,0.5163201,0.26607394,0.5519843,-0.42637467,0.5531486,0.2523751,-0.44937268,0.5522412,0.24663721,-0.50028497,0.5961517,0.23439465,-0.3715679,0.49640518,0.26659304,0.5510333,-0.40417325,0.5723401,0.24928445,-0.3984795,0.534836,0.25070783,-0.41572675,0.5526635,0.2464209,-0.3870616,0.54717296,0.2535868,0.3926897,-0.31647962,0.41613486,0.25080717,-0.29447722,0.36067474,0.25638667,-0.31591085,0.3767566,0.25094986,-0.35282007,0.42573333,0.24185634
67,-13,0.33237332,-0.20167756,0.30017078,0.25130627,-0.2511998,0.3837413,0.23916414,-0.20961648,0.35219604,0.24931906,-0.16685882,0.280764,0.26021054,0.58297104,-0.44335455,0.560896,0.25379884,-0.47976294,0.6014683,0.2447246,-0.51226145,0.6260613,0.23689926,-0.4017629,0.5313214,0.26457733,0.5616936,-0.42777658,0.5564859,0.2549317,-0.46389863,0.56744814,0.24588737,-0.50668395,0.59836566,0.23558888,-0.39436945,0.5147418,0.26359206,0.5492729,-0.40992603,0.576641,0.2476591,-0.39077234,0.5308254,0.2524484,-0.40532896,0.5426746,0.24880022,-0.39615855,0.5516712,0.2510923,0.37866744,-0.28811255,0.3978972,0.2540552,-0.28620878,0.34697142,0.2545393,-0.30177814,0.36494407,0.250607,-0.34170365,0.41200408,0.2407985
68,-12,0.33764187,-0.18997404,0.2903989,0.25525656,-0.2635217,0.3927223,0.2371568,-0.2589176,0.38489816,0.23825122,-0.13628583,0.26495165,0.26933542,0.57349694,-0.44849172,0.5634776,0.24971475,-0.4847377,0.60418075,0.24082565,-0.5055145,0.6172253,0.2358737,-0.35719535,0.49367175,0.2735859,0.5540852,-0.41951054,0.5423401,0.2555826,-0.4615453,0.56038463,0.24506192,-0.49211258,0.5865191,0.23768435,-0.39596778,0.5187773,0.26167113,0.54938626,-0.4127345,0.5780629,0.24724796,-0.39338076,0.53102547,0.25207976,-0.39248908,0.5350141,0.2523046,-0.408216,0.5593841,0.24836767,0.3666782,-0.28631812,0.3910567,0.2514364,-0.27176714,0.33659434,0.2551218,-0.2647614,0.3350123,0.2569154,-0.34744838,0.41430074,0.2365264
69,-11,0.34899655,-0.16096957,0.26955298,0.26601958,-0.29513046,0.4110883,0.23262064,-0.29472244,0.41660216,0.23271559,-0.15115194,0.27595094,0.26864412,0.57217014,-0.42029613,0.52845037,0.25742784,-0.49355578,0.6086177,0.239243,-0.5174257,0.62954134,0.2335999,-0.37361693,0.5027053,0.26972923,0.5593718,-0.43401918,0.5553089,0.25351372,-0.45765424,0.56044734,0.24759218,-0.48213983,0.5813366,0.24160336,-0.41923046,0.53542775,0.25729075,0.54201686,-0.39382488,0.5558783,0.24936593,-0.3886375,0.53075695,0.25066286,-0.375898,0.5272705,0.2538766,-0.40703022,0.55873543,0.24609463,0.34958065,-0.29219365,0.38830158,0.24566944,-0.23237915,0.3073212,0.2608124,-0.25853992,0.32798567,0.25407782,-0.3178762,0.3851867,0.23944035
70,-10,0.34171063,-0.15299411,0.25962102,0.266534,-0.3312854,0.43228775,0.22300863,-0.29272744,0.40105507,0.23177531,-0.108424276,0.24721882,0.27868208,0.570822,-0.41134053,0.5220353,0.25817782,-0.4978896,0.61071724,0.23677243,-0.5376252,0.64526343,0.2275486,-0.33916402,0.4817421,0.27750114,0.54661787,-0.40427864,0.5265843,0.25804898,-0.47076586,0.56634015,0.24144992,-0.47564715,0.57419837,0.24027422,-0.3958742,0.5102687,0.26022688,0.53591716,-0.40467325,0.5603448,0.24651386,-0.38095927,0.5171657,0.25242957,-0.37210134,0.519894,0.25467548,-0.40521193,0.5520277,0.2463811,0.33268693,-0.28395736,0.3730217,0.24372868,-0.2099325,0.28535056,0.26245522,-0.21399865,0.29564705,0.26139024,-0.33144164,0.38940692,0.2324259
71,-9,0.33435717,-0.12920347,0.2451485,0.27130094,-0.3196066,0.41122052,0.22426435,-0.29524103,0.4083791,0.2297958,-0.11697483,0.24477725,0.27463895,0.5655552,-0.38841042,0.501386,0.26328388,-0.5224859,0.62977463,0.2302481,-0.5164321,0.62454563,0.2316462,-0.3455202,0.48225558,0.27482185,0.5446918,-0.42656788,0.5469428,0.25179675,-0.45471293,0.54954404,0.24480872,-0.49444833,0.5865011,0.23527187,-0.36374542,0.48584366,0.26812267,0.52579474,-0.3956512,0.5536763,0.24609108,-0.3565093,0.5009369,0.25591457,-0.38160026,0.5212638,0.2495733,-0.38622785,0.5327365,0.24842104,0.30808944,-0.2738569,0.35016593,0.24132322,-0.17856552,0.25914672,0.26545054,-0.20241462,0.27648452,0.2591947,-0.304538,0.3594351,0.23403157
72,-8,0.34885186,-0.108627595,0.23487984,0.28039226,-0.37485397,0.45793852,0.21485494,-0.3033066,0.417285,0.23079053,-0.13182704,0.24667624,0.2739622,0.5704661,-0.38535923,0.49911544,0.2647051,-0.53906405,0.64398295,0.22699125,-0.52129924,0.6356354,0.23105974,-0.33907792,0.4716862,0.2772439,0.53033864,-0.40819556,0.5227536,0.25330505,-0.4590748,0.55340385,0.24073943,-0.45857498,0.55992687,0.2408598,-0.3626992,0.47463998,0.26509568,0.5189345,-0.4008981,0.5549563,0.24369329,-0.37401745,0.511981,0.25033277,-0.37616795,0.51852757,0.249795,-0.35093233,0.4937892,0.25617895,0.30218878,-0.28105068,0.35181892,0.23774308,-0.16110492,0.25113824,0.26804003,-0.21109658,0.28607193,0.25496972,-0.27474385,0.3316109,0.23924722
73,-7,0.3233675,-0.10881746,0.22807686,0.27462816,-0.31088725,0.39010304,0.2243816,-0.288619,0.4021392,0.22943422,-0.12006677,0.24461463,0.27155608,0.53833914,-0.36579704,0.4735543,0.26243174,-0.47182962,0.5743403,0.2360299,-0.49484938,0.60776013,0.23065859,-0.33411306,0.4769097,0.27087975,0.50900626,-0.38635272,0.49760035,0.25471863,-0.41101944,0.50281936,0.2485124,-0.45704204,0.55147356,0.23733442,-0.3680079,0.47724837,0.25943452,0.506751,-0.37004808,0.5305389,0.24894483,-0.34517905,0.47760603,0.2552135,-0.3749737,0.51236457,0.24772164,-0.37336662,0.5111793,0.24812008,0.27999604,-0.26340017,0.32861683,0.23646915,-0.14006151,0.23596632,0.26750988,-0.18152618,0.25185463,0.2566445,-0.25118044,0.31571302,0.23937647
74,-6,0.314911,-0.18045498,0.28202328,0.25471205,-0.27160776,0.3675156,0.23252107,-0.2585297,0.36995044,0.23558198,-0.09590378,0.22131345,0.27718493,0.5281891,-0.40774837,0.5087759,0.24973634,-0.44416124,0.5543213,0.24080628,-0.48298216,0.592017,0.23163709,-0.3011796,0.43922493,0.2778203,0.5028047,-0.40023208,0.50750935,0.24889556,-0.39020374,0.49259096,0.25140414,-0.4508737,0.5418604,0.23660491,-0.34474874,0.46291262,0.2630954,0.51199365,-0.34535992,0.5065647,0.2569114,-0.39374036,0.5183364,0.24477778,-0.34340313,0.47422105,0.2574146,-0.40972528,0.5535391,0.24089614,0.28183478,-0.21254519,0.30124578,0.24912526,-0.16929685,0.2503814,0.2601359,-0.15658984,0.23471694,0.26346254,-0.30433476,0.35217,0.22727628
75,-5,0.33166826,-0.1460794,0.2609202,0.26606613,-0.21472855,0.330548,0.24841374,-0.21645333,0.36394942,0.24798566,-0.2595115,0.36686447,0.23753448,0.5483826,-0.41523424,0.5230283,0.25335246,-0.40855026,0.5298831,0.25505155,-0.4825711,0.59440124,0.23685421,-0.4097655,0.54049945,0.2547418,0.52108914,-0.41285223,0.52557164,0.24858499,-0.36651376,0.48120385,0.2603751,-0.45875606,0.5620571,0.23743194,-0.39284757,0.51452893,0.25360793,0.5418337,-0.41192383,0.565444,0.24778122,-0.38668817,0.5174733,0.25411367,-0.4321899,0.55121565,0.24281019,-0.38205048,0.536245,0.25529492,0.29391903,-0.21183866,0.31231198,0.25205743,-0.20458278,0.26944652,0.25389296,-0.19062056,0.26988965,0.25746274,-0.27518004,0.33177465,0.23658688
76,-4,0.39375445,-0.09978895,0.23667717,0.29068166,-0.44111088,0.550601,0.20662527,-0.30260617,0.44005427,0.2373205,-0.19088294,0.31100017,0.26537257,0.6296923,-0.45108366,0.5612428,0.26233405,-0.55611646,0.6784105,0.23617803,-0.6211198,0.725588,0.22131401,-0.38529184,0.5258424,0.2801739,0.6128359,-0.49620178,0.61338145,0.2497013,-0.51858836,0.627866,0.24417345,-0.57754403,0.6705081,0.23019417,-0.39631632,0.5248686,0.27593103,0.6124744,-0.52968514,0.68722755,0.23476309,-0.42407534,0.56703156,0.2609129,-0.5000967,0.62219167,0.24181312,-0.41796926,0.58017486,0.2625109,0.30675015,-0.29060638,0.36908537,0.23364726,-0.22189255,0.28684422,0.2502665,-0.13482696,0.2480915,0.2730328,-0.25113758,0.33504957,0.24305344
77,-3,0.42820072,-0.15209375,0.2982673,0.28500146,-0.5008844,0.58359116,0.20108017,-0.41601816,0.53174424,0.2188901,-0.117517024,0.24490562,0.29502824,0.6906782,-0.49851358,0.6130954,0.26357117,-0.7580709,0.85580105,0.20331697,-0.6397772,0.7512283,0.22884843,-0.35494328,0.49346545,0.3042634,0.65823895,-0.5717599,0.6902318,0.24355304,-0.6744494,0.7587493,0.21978398,-0.55091506,0.6523225,0.24868314,-0.4042042,0.51309144,0.2879798,0.66302526,-0.597384,0.76265687,0.2316077,-0.58443326,0.70859146,0.23462671,-0.43739998,0.5781914,0.27178982,-0.4741769,0.6126211,0.2619758,0.32735482,-0.39452893,0.45890555,0.21117136,-0.049941268,0.21299177,0.29804894,-0.16218515,0.26418063,0.26640397,-0.33387664,0.39794528,0.2243758
78,-2,0.5083591,-0.14728995,0.3557406,0.30456722,-0.83266145,0.8744586,0.15347233,-0.37239334,0.45829773,0.24317671,-0.16646154,0.28213456,0.29878378,0.7588897,-0.5635048,0.6868251,0.26243404,-1.0502001,1.1258682,0.1613062,-0.49465412,0.60870224,0.28113934,-0.44612122,0.5682864,0.2951204,0.7296219,-0.5768189,0.69293684,0.25549033,-0.95932525,1.0419409,0.17428261,-0.44135076,0.555784,0.292555,-0.49356276,0.599178,0.27767205,0.7356745,-0.64172316,0.77939403,0.23904398,-0.7200151,0.84054494,0.22104262,-0.47807893,0.6240187,0.28154486,-0.56398356,0.6981138,0.25836858,0.39216554,-0.4192535,0.48379382,0.2138844,0.06768977,0.19534211,0.3480614,-0.3623741,0.4202402,0.22640264,-0.42974773,0.48583984,0.21165158
79,-1,1.1738743,-0.009358909,0.22722983,0.37559915,-0.91690946,0.9571995,0.15155855,-2.7137268,2.7318637,0.025132319,0.16626427,0.21345933,0.44771,1.4241489,-0.6013803,0.7227197,0.38877004,-1.1577209,1.2536116,0.2228831,-2.4764977,2.5342672,0.05961283,-0.76911944,0.92769307,0.328734,1.2235461,-0.71442384,0.83045024,0.3392972,-0.91788596,1.0436987,0.27683297,-1.7461381,1.8501662,0.120923996,-0.9693525,1.0845386,0.2629458,1.0262514,-0.8209437,0.9679295,0.25379214,-0.61713225,0.84312737,0.31116617,-0.9270101,1.1342438,0.22825174,-1.0257559,1.1585964,0.20678993,0.45918444,-0.56005156,0.6031058,0.18976316,-0.22958897,0.3947946,0.26407662,0.10264028,0.21767221,0.36814198,-0.62394226,0.64061266,0.17801827
