position_index,position_relative,class0_base_importance,class0_freq_A,class0_diff_A,class0_freq_C,class0_diff_C,class0_freq_G,class0_diff_G,class0_freq_T,class0_diff_T,class1_base_importance,class1_freq_A,class1_diff_A,class1_freq_C,class1_diff_C,class1_freq_G,class1_diff_G,class1_freq_T,class1_diff_T,class2_base_importance,class2_freq_A,class2_diff_A,class2_freq_C,class2_diff_C,class2_freq_G,class2_diff_G,class2_freq_T,class2_diff_T,class3_base_importance,class3_freq_A,class3_diff_A,class3_freq_C,class3_diff_C,class3_freq_G,class3_diff_G,class3_freq_T,class3_diff_T,class4_base_importance,class4_freq_A,class4_diff_A,class4_freq_C,class4_diff_C,class4_freq_G,class4_diff_G,class4_freq_T,class4_diff_T
0,-80,0.0026490805,0.3687071613901498,0.06319887375263222,0.17182699127965742,-0.01848938863208921,0.15189474516603016,-0.03467171352581036,0.30757110216416256,-0.01003777159473268,0.0002654284,0.32443078860019514,0.018922500962677558,0.17939021510142905,-0.010926164810317579,0.17868116286813795,-0.007885295823702565,0.3174978334302378,-0.00011104032865744129,2.4810854e-06,0.3048924603939518,-0.0006158272435657919,0.19041991650817933,0.00010353659643269619,0.18821397622682928,0.0016475175349887627,0.31647364687103957,-0.001135226887855667,0.0010444791,0.26802174426281516,-0.03748654337470242,0.20066178210016172,0.010345402188415093,0.2104309462032834,0.023864487511442878,0.3208855274337397,0.0032766536748444763,0.001290872,0.26149968493651554,-0.04400860270100204,0.20927851293028402,0.018962133018537386,0.20360743542734486,0.017040976735504337,0.32561436670585564,0.008005492946960402
1,-79,0.004461642,0.38942724331854495,0.0856678685188827,0.14945245414024974,-0.04080090188544805,0.16268809582835006,-0.023452951632660785,0.29843220671285514,-0.021414015000774,0.00031635578,0.3256913259038237,0.021931951104161462,0.17812967779780042,-0.012123678227897366,0.18135980463834872,-0.004781242822662124,0.314819191660027,-0.005027030053602166,0.00016454668,0.28732372172462817,-0.016435653075034085,0.1951469313967866,0.00489357537108881,0.18892302846012038,0.0027819809991095346,0.32860631841846494,0.008760096704835796,0.0012531667,0.26030095327809,-0.043458421521572255,0.20948554322556195,0.019232187199864165,0.2016071850778832,0.01546613761687235,0.32860631841846494,0.008760096704835796,0.0016196847,0.25606490232953216,-0.04769447247013009,0.21904536862979038,0.028792012604092587,0.1961247637220779,0.00998371626106706,0.3287649653185996,0.00891874360497047
2,-78,0.0007135906,0.3374300795438651,0.03458455109191111,0.18065075240505765,-0.010863081341616981,0.17434806588691462,-0.013447358582878322,0.30757110216416256,-0.010274111167415834,0.00020471514,0.32112187817817006,0.018276349726216057,0.18388087924560595,-0.007632954501068684,0.18199007329016306,-0.005805351179629881,0.3130071692860609,-0.0048380440455174645,3.5361678e-05,0.31009217677141976,0.007246648319465754,0.1875049239935382,-0.004008909753136447,0.1874261404120614,-0.00036928405773153927,0.3149767588229806,-0.0028684545085977953,0.00023671497,0.283305759069312,-0.019539769382642014,0.19955881195948671,0.008044978212812082,0.1924682896265758,0.004672865156782863,0.32466713934462554,0.006821926013047153,0.0010509207,0.26228733458970155,-0.040558193862252456,0.20597038438690285,0.014456550640228216,0.20274102080884027,0.014945596339047323,0.3290012602145554,0.011156046882977
3,-77,0.0012223911,0.3487749152765225,0.04517310019198234,0.1763964390053111,-0.01833161292985447,0.18143858821982553,-0.004970310756892887,0.29339005749834074,-0.02187117650523518,0.00025876396,0.3234853856224737,0.019883570537933548,0.18372331208265236,-0.011004739852513212,0.18419601357151308,-0.0022128854052053393,0.3085952887233608,-0.006665945280215135,3.112148e-05,0.29992909476091417,-0.0036727203236259776,0.19884975972619562,0.004121707791030049,0.18254155836050057,-0.0038673406162178514,0.31867958715238964,0.003418353148813724,0.00029479765,0.28173008743977623,-0.021871727644763916,0.20223745372969748,0.007509401794531911,0.18971086427488826,0.00330196529816984,0.3263215945556381,0.011060360552062165,0.0009962458,0.26409892879202934,-0.03950288629251081,0.21242911154302802,0.017701059607862446,0.19415563958911292,0.007746740612394498,0.3293163200758298,0.014055086072253864
4,-76,0.0011849464,0.3431812809916706,0.04197437357698647,0.17608130467940394,-0.018694015170298256,0.18750492399353816,0.0020571392790645904,0.2932324903353872,-0.02533749768575294,0.00016398668,0.3169463483599003,0.015739440945216177,0.1867170881787703,-0.008058231670931892,0.18506263296775777,-0.00038515174671580055,0.3112739304935716,-0.007296057527568511,2.1240363e-05,0.3047348932309982,0.003527985816314083,0.1899472150193186,-0.004828104830383595,0.18663830459729353,0.001190519882819957,0.31867958715238964,0.00010959913124952703,0.0003299405,0.28031198297319404,-0.020894924441490104,0.19845584181881168,0.0036805219691094793,0.18403844640855954,-0.0014093383059140263,0.33719372879943477,0.01862374077829465,0.0012662157,0.26086956521396676,-0.040337342200717385,0.22266855703444594,0.027893237184743735,0.18399495906301355,-0.0014528256514600157,0.3324669186885738,0.013896930667433693
5,-75,0.00043407275,0.3296305049776631,0.02533542714658571,0.17986291659028977,-0.011808476871506962,0.18703222250467744,0.001111758644837535,0.3034743559273696,-0.014638708919916421,0.00035600233,0.32490349008905584,0.020608412257978437,0.1803356180791505,-0.01133577538264624,0.1910501851599936,0.005129721300153711,0.30371070667179995,-0.014402358175486074,2.9737412e-05,0.30969825886403585,0.005403181032958448,0.19270464037100618,0.0010332469092094454,0.1810446703124416,-0.0048757935473983105,0.31655243045251635,-0.0015606343947696666,0.00020299871,0.2894508784245014,-0.014844199406575997,0.19609233437450804,0.0044209409127113075,0.18151737180130234,-0.004403092058537561,0.33293941539968824,0.014826350552402223,0.0008789822,0.2678008821620035,-0.036494195669073914,0.20935727789560263,0.017685884433805893,0.18895715187808534,0.0030366880182454425,0.3338846880643086,0.01577162321702258
6,-74,0.0010108313,0.3397148034066919,0.03806672878966588,0.18750492399353816,-0.005931138277626147,0.18711100608615422,-0.00021173923827241814,0.28566926651361557,-0.031923851273767456,0.00036263408,0.3238005199483808,0.022152445331354798,0.17923264793847546,-0.014203414332688846,0.18813519264535247,0.0008124473209258354,0.30883163946779113,-0.008761478319591898,2.8044486e-05,0.29858977387580876,-0.003058300741217268,0.19215315530066868,-0.0012829069704956286,0.18474749864185064,-0.002575246682575999,0.324509572181672,0.006916454394288951,0.00028210692,0.2805483337176244,-0.021099740899401642,0.2014496179149296,0.008013555643765297,0.18931694636750432,0.0019942010430776813,0.3286851019999417,0.011091984212558692,0.00088079134,0.26559546313308274,-0.036052611483943287,0.20683679900540744,0.013400736734243135,0.18730308760639475,-1.9657718031890203e-05,0.34026465025511515,0.022671532467732125
7,-73,0.00067018194,0.3307334751183381,0.03059797376648432,0.17395414797953068,-0.01934011054802373,0.18774127473796853,-0.0007789244213860791,0.30757110216416256,-0.010478938797074622,0.00038634145,0.32238241548179863,0.02224691412994484,0.19435909558201872,0.001064837054464307,0.18648073743433996,-0.002039461725014652,0.29677775150184266,-0.021272289459394522,9.243135e-05,0.30331678876441603,0.0031812874125622392,0.18805640906387572,-0.005237849463678695,0.18120223747539518,-0.007317961683959429,0.3274245646963131,0.009374523735075913,0.00030118122,0.2786575277621815,-0.021477973589672295,0.19900732688914918,0.00571306836159477,0.18986843143784182,0.0013482322784872103,0.3324667139108275,0.014416672949590315,0.00079798535,0.26559546313308274,-0.03454003821877105,0.2110901071326118,0.017795848605057396,0.1973062382018569,0.008786039042502275,0.32600819153244864,0.007958150571211464
8,-72,0.0008954074,0.34136925861770445,0.037089936758139264,0.17214212560556458,-0.02041160226091593,0.1828566926864077,-0.003788545862993875,0.30363192309032316,-0.012889788634229571,0.00036397795,0.3282911840925577,0.02401186223299251,0.180887103149488,-0.011666624716992507,0.18451114789742024,-0.002134090651981335,0.30631056486053393,-0.010211146864018805,4.2233172e-05,0.3016623335534035,-0.002616988306161694,0.18829275980830606,-0.004260968058174441,0.19309855827839012,0.006453319728988549,0.3169463483599003,0.0004246366353475861,0.00016262993,0.29134168437994434,-0.012937637479620845,0.20058299851868494,0.008029270652204434,0.18191128970868628,-0.004733948840715291,0.3261640273926845,0.009642315668131785,0.0014839503,0.2587429111503646,-0.045536410709200614,0.22085696283211817,0.028303234965637664,0.19084751104573172,0.0042022724963301505,0.3295526149717856,0.013030903247232883
9,-71,0.0009593629,0.3429449302472402,0.03923282336211459,0.17253604351294852,-0.018867498433140617,0.18490506580480418,-0.00402478861386793,0.299613960435007,-0.01634053631510618,0.00037664687,0.3270306467889291,0.023318539903803503,0.17954778226438262,-0.011855759681706518,0.19018356576374895,0.0012537113450768467,0.3032380051829392,-0.012716491567173971,3.8968858e-05,0.3070196170938251,0.00330751020869946,0.18955329711193467,-0.0018502448341544686,0.1829354762678845,-0.005994378150787599,0.32049160952635575,0.00453711277624258,0.00033249057,0.28094225162500835,-0.022769855260117267,0.20050421493720816,0.009100672991119024,0.19057748367113292,0.0016476292524608138,0.3279760497666506,0.012021553016537456,0.0012554299,0.2606332703180109,-0.0430788365671147,0.2148708254679046,0.023467283521815457,0.1960459987567593,0.007116144338087188,0.3284499054573252,0.012495408707212052
10,-70,0.0009209173,0.3407389899658902,0.03699537113774015,0.17537225244611288,-0.020080574178614363,0.18766249115649175,2.4626401820909694e-05,0.2962262664315051,-0.01693942336094678,0.00016047907,0.32009769161897184,0.016354072790821794,0.19018356576374898,-0.005269260860978259,0.18151737180130234,-0.0061204929533685,0.30820137081597687,-0.004964318976475035,6.5358277e-06,0.3026865201126017,-0.0010570987155483214,0.19333490902282047,-0.0021179176019067714,0.18963208069341145,0.0019942159387406067,0.31434649017116634,0.0011808003787144306,0.00016877012,0.2879539903764424,-0.015789628451707616,0.20318285670741892,0.007730030082691686,0.18758370757501497,-5.4157179655872634e-05,0.3212794453411236,0.00811375554867172,0.00089422805,0.2672495274047733,-0.03649409142337673,0.21518588532917898,0.019733058704451745,0.19179269062955492,0.004154825874884083,0.3257718966364928,0.012606206844040901
11,-69,0.00093077414,0.34239344517690273,0.03715300905509272,0.17371779723510034,-0.018914710488941222,0.1872685732491078,0.0010960138450725465,0.29662018433888904,-0.01933431241122413,0.00022732421,0.32474592292610227,0.01950548680429226,0.1867958717602471,-0.005836635963794468,0.1835657449196988,-0.0026068144843364727,0.30489246039395174,-0.011062036356161431,2.4092242e-05,0.3073347514197322,0.0020943152979222,0.1912077523229472,-0.001424755401094352,0.18151737180130234,-0.004655187602732924,0.3199401244560182,0.003985627705905048,0.00031909283,0.2844875127914638,-0.02075292333034623,0.20452217759252433,0.011889669868482777,0.1842747971529899,-0.0018977622510453762,0.326715512463022,0.010761015712908828,0.00089564925,0.2672495274047733,-0.0379909087170367,0.20691556397072602,0.014283056246684467,0.1942344045544315,0.008061845150396235,0.3316005040700692,0.015646007319956023
12,-68,0.0009524179,0.34538722127302063,0.0385081641139407,0.17434806588691462,-0.016645820799857047,0.18648073743433993,-0.00011723320052500763,0.2937839754057247,-0.021745110113558785,0.00027742574,0.32695186320745234,0.020072806048372416,0.18041440166062728,-0.010579485026144392,0.17875994644961474,-0.007838024185250203,0.31387378868230553,-0.0016552968369779597,2.3785671e-05,0.30315922160146247,-0.003719835557617457,0.1879776254823989,-0.003016261204372761,0.1900259986007954,0.003428027965930447,0.3188371543153432,0.0033080687960597155,0.00028300966,0.2886630426097335,-0.018216014549346404,0.19601355079303126,0.0050196641062595915,0.18246277477902378,-0.004135195855841156,0.33286063181821146,0.01733154629892797,0.0010245589,0.2702425960868801,-0.03663646107219981,0.21620982987832077,0.0252159431915491,0.1952583491035733,0.008660378468708346,0.31828922493122586,0.002760139411942364
13,-67,0.0011227791,0.34641140783221885,0.04024136939118844,0.17474198379429856,-0.01814261947393836,0.18923816278602748,0.0034595026697974707,0.28960844558745497,-0.025558252587047692,0.00017115088,0.32301268413361295,0.016842645692582536,0.19010478218227217,-0.002779821085964751,0.17883873003109152,-0.00693993008513849,0.30804380365302325,-0.007122894521479406,8.1532135e-06,0.3084377215604072,0.0022676831193768066,0.19089261799704005,-0.001991985271196872,0.18388087924560595,-0.0018977808706240606,0.31678878119694676,0.0016220830224440985,0.00036025117,0.2856692665136156,-0.020500771927414785,0.19798314032995096,0.005098537061714037,0.18128102105687197,-0.004497639059358044,0.33506657209956153,0.019899873925058875,0.00096717145,0.2673282923700919,-0.03884174607093849,0.2106962823060188,0.017811679037781886,0.1956521739301663,0.00987351381393628,0.32632325139372304,0.011156553219220378
14,-66,0.00084636436,0.3422358780139491,0.03540408876940582,0.17466320021282178,-0.015873763300095795,0.18955329711193464,0.0018839204142393762,0.29354762466129436,-0.02141424588354951,0.00016481188,0.32340660204099686,0.016574812796453564,0.18585046878252562,-0.004686494730391955,0.18096588673096478,-0.00670348996673048,0.3097770424455126,-0.005184828099331296,9.361379e-06,0.3107224454232341,0.0038906561786907767,0.1899472150193186,-0.0005897484935989683,0.18695343892320068,-0.0007159377744945794,0.3123769006342466,-0.0025849699105972568,0.00032602792,0.2897660127504086,-0.01706577649413471,0.193886394093158,0.0033494305802404256,0.18072953598653446,-0.0069398407111608,0.335618057169899,0.02065618662505514,0.0009823379,0.2680371770579593,-0.03879461218658398,0.20833333334646081,0.01779636983354324,0.20014177695332647,0.012472400255631205,0.32348771264225346,0.008525842097409586
15,-65,0.00097365136,0.3407389899658902,0.03579791730281218,0.18041440166062728,-0.013336780040781232,0.19412274483758832,0.005870397193941279,0.28472386353589413,-0.028331534455972307,0.00018041191,0.32120066175964684,0.016259589096568827,0.1843535807344667,-0.00939760096694181,0.18774127473796856,-0.000511072905678478,0.3067044827679179,-0.006350915223948539,5.112511e-05,0.31040731109732694,0.005466238434248927,0.19333490902282047,-0.0004162726785880422,0.18088710314948803,-0.007365244494159012,0.31537067673036456,0.0023152787384981277,0.00032229986,0.28283305758045124,-0.022108015082626775,0.19861340898176524,0.004862227280356735,0.18963208069341145,0.001379733049764409,0.32892145274437207,0.01586605475250563,0.00085810793,0.2695337113990127,-0.035407361264065296,0.212035286716435,0.018284105015026503,0.18887838691276673,0.0006260392691196937,0.3295526149717856,0.016497216979919183
16,-64,0.0006100294,0.3320727960034435,0.026706312109535835,0.17883873003109152,-0.012738127601631954,0.19136531948590077,0.007367084150550568,0.2977231544795641,-0.02133526865845453,0.0002895751,0.32687307962597556,0.021506595732067868,0.18364452850117557,-0.0079323291315479,0.18309304343083807,-0.0009051919045121315,0.3063893484420107,-0.01266907469600792,6.0923943e-05,0.3116678484009555,0.006301364507047824,0.1900259986007954,-0.0015508590319280868,0.17639643900531113,-0.007601796330039073,0.32190971399293794,0.0028512908549193083,0.00024089929,0.287008587398721,-0.01835789649518671,0.19869219256324203,0.007115334930518552,0.18230520761607022,-0.0016930277192799825,0.3319940124219668,0.012935589283948168,0.0008438897,0.2692186515377383,-0.03614783235616942,0.20667926907477024,0.01510241144204677,0.18683049781448313,0.00283226247913293,0.33727158157300835,0.018213158434989718
17,-63,0.00074228394,0.3382966989401098,0.03007838420249198,0.1771054912386022,-0.011446219863776835,0.19420152841906513,0.006989074895223962,0.29039628140222284,-0.025621239233939164,0.00014100749,0.32190971399293794,0.013691399255320147,0.18577168520104886,-0.0027800259013301687,0.18852911055273644,0.001316657028895274,0.3037894902532768,-0.012228030382885224,6.0416874e-05,0.3163948632895628,0.008176548551944995,0.1875049239935382,-0.0010467871088408465,0.18025683449767374,-0.0069556190261674256,0.31584337821922526,-0.00017414241693675114,0.00032883024,0.28913574409859427,-0.01908257063902352,0.19396517767463478,0.0054134665722557485,0.18191128970868628,-0.005301163815154886,0.3349877885180847,0.018970267881922687,0.00067513506,0.27536231883258905,-0.032855995905028745,0.19840894771631729,0.009857236613938253,0.1911625709070061,0.003950117383164947,0.33506616254408755,0.019048641907925545
18,-62,0.001407064,0.34727802722846357,0.04099769698684769,0.1720633420240878,-0.017906406514390183,0.1968801701892759,0.010518539127094106,0.2837784605581727,-0.03360982959955161,0.00020282387,0.3246671393446255,0.018386809103009605,0.18632317027138634,-0.003646578267091638,0.18309304343083807,-0.0032685876313437168,0.30591664695315,-0.011471643204574278,0.0001197003,0.30142598280897315,-0.004854347432642736,0.18805640906387572,-0.0019133394746022603,0.17931143151995227,-0.007050199542229518,0.3312061766071989,0.013817886449474626,0.0003088913,0.28779642321348886,-0.018483907028127022,0.19483179707087944,0.004862048532401464,0.18135980463834875,-0.005001826423833039,0.336011975077283,0.01862368491955868,0.0008575622,0.2702425960868801,-0.03603773415473577,0.20856962824241662,0.018599879703938643,0.1911625709070061,0.004800939844824326,0.3300252047636972,0.012636914605972882
19,-61,0.0012378466,0.3451508705285903,0.03801971782531499,0.17560860319054322,-0.014156317718276024,0.19546206572269373,0.010093060865781212,0.2837784605581727,-0.033956460972820235,0.00021307067,0.3256913259038237,0.018560173200548424,0.1846687150603738,-0.005096205848445445,0.18395966282708273,-0.0014093420298297854,0.3056802962087196,-0.012054625322273305,0.00018279615,0.3093831245381287,0.002251971834853428,0.1842747971529899,-0.005490123755829357,0.17442684946839143,-0.010942155388521085,0.33191522884049,0.014180307309497098,0.00040872794,0.28661466949133707,-0.02051648321193822,0.19908611047062597,0.00932118956180672,0.1777357598904165,-0.007633244966496006,0.33656346014762045,0.018828538616627533,0.00091729953,0.26882482671114527,-0.03830632599213002,0.20518273473371684,0.015417813824897597,0.1952583491035733,0.00988934424666077,0.3307340894515646,0.012999167920571653
20,-60,0.001102552,0.34522965411006706,0.03861844846669471,0.17363901365362355,-0.015227816878999711,0.19286220753395972,0.005681265953142972,0.28826912470234956,-0.02907189754083811,0.00010986085,0.31891593789682,0.012304732253447637,0.18458993147889705,-0.004276899053726219,0.18860789413421322,0.0014269525533964766,0.30788623649006974,-0.009454785753117922,3.8845068e-05,0.30820137081597687,0.0015901651726045185,0.19049870008965614,0.0016318695570328723,0.1804144016606273,-0.0067665399201894405,0.3208855274337397,0.0035445051905520497,0.0004956664,0.28677223665429064,-0.019838968989081718,0.19380761051168122,0.004940779979057952,0.17686914049417185,-0.010311801086644895,0.34255101233985635,0.02520999009666869,0.00066842115,0.27394454945685426,-0.032666656186518095,0.20179584122501706,0.0129290106923938,0.1971487082712197,0.009967766690402946,0.32711090104690904,0.009769878803721377
21,-59,0.0010515922,0.3433388481546242,0.03567199241993374,0.17253604351294852,-0.01555874441557642,0.19522571497826335,0.008785304058520516,0.28889939335416387,-0.02889855206287789,0.00020175736,0.32616402739268446,0.018497171657994027,0.1810446703124416,-0.007050117616083346,0.18269912552345413,-0.003741285396288707,0.31009217677141976,-0.007705768645622002,6.866588e-05,0.3074923185826858,-0.00017453715200466124,0.1887654612971668,0.0006706733686418498,0.17828724496075404,-0.008153165958988795,0.3254549751593934,0.007657029742351662,0.00017539511,0.29378397540572476,-0.013882880328965674,0.19073505083408648,0.0026402629055615467,0.1830142598493613,-0.00342615107038155,0.3324667139108275,0.014668768493785733,0.0010414256,0.2675645872660477,-0.04010226846864273,0.20738815376263764,0.019293365834112702,0.1929741651093339,0.006533754189591068,0.3320730938619808,0.014275148444939045
22,-58,0.0006218768,0.3365634601476204,0.02817182972336829,0.17860237928666117,-0.012612091001281439,0.19152288664885433,0.005665446675063274,0.29331127391686396,-0.021225185397150237,0.00014948999,0.31899472147829677,0.010603091054044667,0.1810446703124416,-0.01016979997550102,0.19144410306737758,0.005586663093586519,0.30851650514188406,-0.0060199541721301375,0.00014996527,0.315213109567411,0.006821479143158893,0.18947451353045788,-0.0017399567574847286,0.1734026629091932,-0.012454777064597855,0.32190971399293794,0.007373254678923746,0.00022337933,0.29307492317243367,-0.01531670725181844,0.200189080611301,0.00897461032335839,0.1804144016606273,-0.005443038313163756,0.3263215945556381,0.01178513524162389,0.0005974271,0.27811909261874007,-0.030272537805512034,0.20675803404008883,0.015543563752146217,0.19250157531742232,0.006644135343631258,0.32262129802374884,0.008084838709734643
23,-57,0.00086040754,0.3435751988990545,0.03524659236085126,0.1815961553827791,-0.0099019223923833,0.186086819526956,0.002246143906727893,0.2887418261912103,-0.027590813875195908,0.0002053608,0.3257701094853005,0.01744150294709723,0.18522020013071133,-0.006277877644451063,0.1847474986418506,0.0009068230216225104,0.3042621917421375,-0.012070448324268734,3.682004e-05,0.30820137081597687,-0.00012723572222639312,0.1875049239935382,-0.003993153781624209,0.18080831956801124,-0.0030323560522168558,0.3234853856224737,0.007152745556067486,0.00039120243,0.28858425902825674,-0.019744347509946525,0.19884975972619562,0.007351681951033223,0.17623887184235756,-0.007601803777870536,0.3363271094031901,0.019994469336783893,0.0006628903,0.27551984876322627,-0.03280875777497699,0.20431632011521225,0.012818242340049857,0.1913201008376433,0.007479425217415209,0.3288437302839182,0.012511090217512011
24,-56,0.00074307626,0.3401087213140759,0.029952422080456176,0.1828566926864077,-0.008594117174218069,0.19152288664885433,0.006390221364624971,0.285511699350662,-0.02774852627086316,0.00016815141,0.32632159455563803,0.016165295322018325,0.19128653590442396,-0.00016427395620180474,0.1796265658458594,-0.005506099438369966,0.3027653036940785,-0.010494921927446665,0.00012603498,0.3119041991453859,0.0017478999117662153,0.18569290161957208,-0.005757908241053683,0.17702670765712544,-0.008105957627103921,0.32537619157791664,0.012115965956391472,0.00024298453,0.2916568187058515,-0.01849948052776823,0.19238950604509902,0.0009386961844732589,0.1867958717602471,0.0016632064760177256,0.3291578034888024,0.015897577867277246,0.00054262596,0.2807971014395724,-0.029359197794047276,0.20502520480307965,0.013574394942453882,0.19068998111509453,0.0055573158308651616,0.32348771264225346,0.010227487020728288
25,-55,0.0009774984,0.3447569526212063,0.03824028280690722,0.17308752858328602,-0.01735489910055829,0.18742614041206138,0.0016159683528069457,0.29472937838344615,-0.022501352059156043,0.0001797946,0.3210430945966933,0.014526424782394187,0.18600803594547924,-0.004434391738365073,0.18931694636750432,0.003506774308249888,0.3036319230903232,-0.013598807352278974,3.8563732e-05,0.30505002755690536,-0.0014666422573937354,0.18955329711193467,-0.0008891305719096465,0.18088710314948803,-0.004923068909766404,0.324509572181672,0.007278841739069786,0.0002998224,0.28779642321348886,-0.01872024660081023,0.19554084930417054,0.005098421620326227,0.18151737180130234,-0.00429280025795209,0.3351453556810383,0.01791462523843612,0.0007082616,0.27394454945685426,-0.032572120357444834,0.20801827348518642,0.01757584580134211,0.18990233146190852,0.004092159402654089,0.32813484559605083,0.010904115153448635
26,-54,0.0006943546,0.3390057511734008,0.02952695871480615,0.17994170017176656,-0.008137331785246171,0.19144410306737755,0.005318811577878918,0.28960844558745497,-0.026708438507439036,0.00015944288,0.3259276766482541,0.016448884189659452,0.18514141654923455,-0.002937615407778177,0.18009926733472012,-0.006026024154778514,0.30883163946779113,-0.007485244627102872,0.00013200066,0.30607421411610364,-0.003404578342491027,0.18655952101581674,-0.001519510941195984,0.17734184198303257,-0.008783449506466062,0.3300244228850471,0.013707538790153073,0.00022559433,0.2926810052650497,-0.016797787193544966,0.1893957299489811,0.0013166979919683741,0.18498384938628099,-0.0011414421032176492,0.33293941539968824,0.01662253130479424,0.000441602,0.2837114051563606,-0.025767387302234046,0.1993541273001405,0.011275095343127761,0.1967548834446267,0.010629591955128054,0.3201795840988722,0.0038627000039782033
27,-53,0.0006608467,0.3342787362847936,0.028754692675763804,0.18348696133822198,-0.006577323029329257,0.19207437171919184,0.004578310708130889,0.29015993065779244,-0.026755680354565547,8.319156e-05,0.3157645946377485,0.01024055102871868,0.18852911055273644,-0.0015351738148147998,0.18860789413421322,0.0011118331231522727,0.30709840067530186,-0.009817210337056126,8.6236294e-05,0.30851650514188406,0.0029924615328542625,0.1836445285011756,-0.006419755866375637,0.1817537225457327,-0.005742338465328262,0.32608524381120774,0.009169632798849747,0.00032958176,0.29173560228732826,-0.013788441321701539,0.18915937920455073,-0.0009049051630005134,0.1791538643569987,-0.008342196654062245,0.3399511541511223,0.023035543138764325,0.00054503116,0.27733144296555406,-0.02819260064347573,0.20549779459499123,0.015433510227439995,0.1958884688261221,0.008392407815061148,0.3212822936133326,0.004366682600974614
28,-52,0.00068343634,0.33514535568103826,0.030141259131911402,0.18206885687163982,-0.009508000761083657,0.18892302846012035,0.004373334121842765,0.2938627589872015,-0.02500659249267062,4.2978634e-05,0.3112739304935716,0.006269833944444747,0.19097140157851686,-0.0006054560542066156,0.18663830459729353,0.0020886102590159383,0.31111636333061804,-0.00775298814925407,7.5615295e-05,0.31158906481947873,0.006584968270351876,0.18711100608615425,-0.004465851546569227,0.17742062556450938,-0.007129068773768205,0.32387930352985767,0.005009952049985555,0.00019720678,0.28984479633188537,-0.01515930021724149,0.19743165525961343,0.0058547976268899515,0.18057196882358087,-0.003977725514696717,0.33215157958492036,0.013282228105048255,0.0004758867,0.27717391303491684,-0.027830183514210016,0.20029930688396366,0.008722449251240189,0.18919344677404112,0.004643752435763537,0.33333333330707837,0.014463981827206263
29,-51,0.000761207,0.3382966989401098,0.03154368955312753,0.17994170017176656,-0.010154096138809132,0.19144410306737755,0.005082472005195765,0.29031749782074606,-0.026472065419514246,0.00011269379,0.3191522886412504,0.012399279254268147,0.1854565508751417,-0.004639245435433981,0.1879776254823989,0.0016159944202171206,0.307413535001209,-0.009376028239051315,8.7268876e-05,0.30457732606804466,-0.0021756833189375824,0.19073505083408648,0.000639254523510796,0.17805089421632367,-0.008310736845858119,0.3266367288815452,0.009847165641284905,0.0004017646,0.2861419680024763,-0.020611041384505924,0.18915937920455073,-0.0009364171060249615,0.18395966282708276,-0.002401968235099028,0.3407389899658902,0.023949426725629885,0.00034518927,0.285601764324007,-0.02115124506297522,0.20518273473371684,0.015086938423141155,0.19037492125382013,0.004013290191638347,0.318840579688456,0.0020510164481957194
30,-50,0.0010213531,0.33908453475487765,0.03430102180692174,0.18080831956801122,-0.012832570332811821,0.19711652093370627,0.009336852435425536,0.2829906247434048,-0.03080530390953551,4.5994813e-05,0.3131647364490145,0.008381223501058577,0.18900181204159716,-0.004639077859225876,0.18648073743433996,-0.0012989310639407725,0.3113527140750484,-0.002443214577891928,8.159108e-05,0.30252895294964816,-0.002254559998307759,0.18963208069341145,-0.00400880920741159,0.18262034194197735,-0.005159326556303384,0.3252186244149631,0.011422695762022761,0.0003193402,0.2871661545616746,-0.017617358386281312,0.20200110298526713,0.008360213084444096,0.1804144016606273,-0.007365266837653428,0.33041834079243104,0.016622412139490728,0.0003530156,0.28197857591935144,-0.022804937028604477,0.20675803404008883,0.01311714413926579,0.1922652804214665,0.004485611923185778,0.31899810961909325,0.005202180966152936
31,-49,0.00080863,0.33955723624373835,0.03436406803646497,0.18080831956801122,-0.010563710435053497,0.18892302846012035,0.0019469145089623663,0.29071141572813,-0.02574727211037392,0.00013519096,0.3196249901301111,0.014431821922837706,0.18852911055273644,-0.002842919450328274,0.18608681952695602,-0.000889294424201964,0.30575907979019645,-0.01069960804830744,0.000112875096,0.3009532813201124,-0.004239886887160982,0.19435909558201872,0.002987065578954007,0.17781454347189332,-0.009161570479264664,0.3268730796259756,0.010414391787471722,0.00022449663,0.28992357991336215,-0.01526958829391123,0.19254707320805262,0.0011750432049879023,0.18356574491969882,-0.003410369031459165,0.33396360195888647,0.017504914120382575,0.0005377467,0.2759136735898193,-0.029279494617454105,0.20061436674523805,0.00924233674217334,0.19848771268163587,0.011511598730477884,0.3249842469833068,0.008525559144802908
32,-48,0.00060275185,0.3316788780960596,0.027289264435908955,0.18380209566412914,-0.006986963392983797,0.1916804538118079,0.0049564354048452774,0.29283857242800326,-0.025258736447770547,5.7112293e-06,0.3073347514197322,0.002945137759581551,0.19049870008965614,-0.0002903589674567997,0.18632317027138637,-0.00040084813557625387,0.31584337821922526,-0.002253930656548553,7.985198e-05,0.30851650514188406,0.004126891481733397,0.1829354762678845,-0.00785358278922843,0.1829354762678845,-0.003788542139078116,0.325612542322347,0.007515233446573177,0.00017204549,0.29181438586880504,-0.012575227791345622,0.19254707320805262,0.0017580141509396796,0.1822264240345934,-0.0044975943723692124,0.333412116888549,0.015314808012775183,0.0003330339,0.2826086956419002,-0.02178091801825044,0.20415879018457506,0.01336973112746212,0.19045368621913872,0.0037296678121760962,0.32277882795438606,0.004681519078612251
33,-47,0.000870503,0.33593319149580614,0.029810420969312357,0.1815173718013023,-0.009697098486640299,0.19672260302632233,0.010502775707750434,0.28582683367656914,-0.030616098190422547,6.3733845e-05,0.316316079708086,0.010193309181592225,0.18829275980830606,-0.0029217104796365467,0.18183250612720947,-0.0043873211913624255,0.31355865435639846,-0.002884277510593225,0.00020589322,0.3034743559273696,-0.0026484145991241825,0.18608681952695602,-0.005127650760986591,0.17639643900531113,-0.009823388313260767,0.33404238554036325,0.017599453673371568,0.00012543141,0.294808161964923,-0.011314608561570794,0.1951469313967866,0.003932461108843988,0.18214764045311663,-0.004072186865455268,0.32789726618517384,0.011454334318182158,0.00045705584,0.28008821675170503,-0.02603455377478875,0.20502520480307965,0.013810734515137035,0.1939981096584757,0.007778282339903797,0.3208884687867396,0.004445536919747917
34,-46,0.0006929954,0.3375088631253419,0.02799855872372281,0.1853777672936649,-0.006214846310570787,0.19002599860079536,0.006626490182909145,0.28708737098019776,-0.028410202596061307,1.826124e-05,0.31355865435639846,0.004048349954779373,0.18805640906387572,-0.0035362045403599662,0.18498384938628099,0.0015843409683947707,0.31340108719344484,-0.0020964863828142333,0.00016773154,0.3131647364490145,0.003654432047395406,0.19073505083408648,-0.0008575627701492006,0.17033010323159847,-0.013069405186287741,0.32577010948530055,0.01027253590904148,0.00017030291,0.30032301266829814,-0.009187291733320946,0.19231072246362224,0.000718108859386557,0.1760025210979272,-0.007396987319959025,0.3313637437701525,0.015866170193893414,0.00046530442,0.2830025204684932,-0.02650778393312586,0.20148078136374267,0.009888167759506988,0.1956521739301663,0.012252665512280075,0.3198645242375978,0.004366950661338742
35,-45,0.0005150856,0.3238793035298576,0.020828947448244872,0.18222642403459338,-0.007885128247494516,0.19845584181881165,0.010660417349018708,0.29543843061673725,-0.023604236549769175,5.3473683e-05,0.31214054988981627,0.009090193808203528,0.1875049239935382,-0.0026066282885497116,0.18325061059379166,-0.00454481387600128,0.3171039155228539,-0.0019387516436525365,0.00017645463,0.30654691560496433,0.0034965595233515945,0.18388087924560595,-0.0062306730364819485,0.177184274820079,-0.010611149649713936,0.3323879303293507,0.01334526316284429,0.00018991422,0.2894508784245014,-0.013599477657111336,0.19168045381180793,0.0015689015297200293,0.18372331208265238,-0.0040721123871405585,0.3351453556810383,0.016102688514531893,0.00036632162,0.283238815364449,-0.019811540717163734,0.20526149969903545,0.015149947416947557,0.19636105861803368,0.008565634148240742,0.31513862631848183,-0.0039040408480245925
36,-44,0.00040969043,0.32261876622622904,0.017504377876516708,0.18734735683058462,-0.004276768716675483,0.19577720004860089,0.009667664530614462,0.29425667689458546,-0.022895273690455686,3.1390562e-05,0.3112739304935716,0.006159542143859276,0.1926258567895294,0.0010017312422692937,0.18498384938628099,-0.001125686131705439,0.31111636333061804,-0.006035587254423103,0.00017977908,0.3134798707749217,0.008365482425209347,0.18474749864185064,-0.006876626905409466,0.17505711812020575,-0.011052417397780678,0.326715512463022,0.009563561877980853,0.00014883398,0.2966989679203659,-0.008415420429346454,0.19428031200054194,0.0026561864532818336,0.17820846137927726,-0.007901074138709163,0.33081225869981495,0.013660308114773811,0.00035704137,0.2815059861274398,-0.023608402222272507,0.19911783240418468,0.007493706856924576,0.19651858854867088,0.010409053030684456,0.3228575929197046,0.005705642334663474
37,-43,0.00055207964,0.33049712437390777,0.023775626929949945,0.1866383045972935,-0.004308314174941541,0.19160167023033112,0.006925928119955849,0.2912629007984675,-0.026393240874964363,7.181369e-05,0.31718269910433067,0.010461201660372843,0.18774127473796856,-0.0032053440342664774,0.17931143151995227,-0.005364310590422999,0.3157645946377485,-0.001891547035683394,0.00026385312,0.30709840067530186,0.000376903231344039,0.18340817775674523,-0.007538441015489811,0.17316631216476283,-0.011509429945612437,0.3363271094031901,0.018670967729758237,0.00021737951,0.28929331126154784,-0.017428186182409988,0.19561963288564732,0.004673014113412283,0.183486961338222,-0.0011887807721532584,0.33160009451458283,0.013943952841150964,0.0002813095,0.289540012589937,-0.017181484854020823,0.20132325143310548,0.010376632660870438,0.19580970386080349,0.011133961750428217,0.31332703211615404,-0.004329109557277833
38,-42,0.00046673833,0.32766091544074344,0.023176765951519518,0.1848262822233274,-0.004450203568613337,0.19357125976725081,0.004783209092188601,0.29394154256867827,-0.023509771475094865,2.0103738e-05,0.3092255573751751,0.004741407885951177,0.19057748367113292,0.0013009978791921895,0.18569290161957208,-0.0030951490554901318,0.3145040573341199,-0.0029472567096532343,0.00015518382,0.3047348932309982,0.00025074374177430636,0.18474749864185064,-0.004528987150090091,0.1789962971940451,-0.009791753481017101,0.33152131093310605,0.014069996889332914,0.00023198551,0.28882060977268714,-0.01566353971653678,0.1901047821822722,0.0008282963903314677,0.18577168520104886,-0.0030163654740133494,0.3353029228439919,0.017851608800218743,0.00018730495,0.2919817265148136,-0.012502422974410343,0.1961247637220779,0.0068482779301371755,0.19990548205737066,0.011117431382308446,0.31198802770573786,-0.005463286338035278
39,-41,0.00053517165,0.3282124005110809,0.02260957704449007,0.18380209566412914,-0.006719111877276224,0.19388639409315797,0.008911288524050709,0.29409910973163184,-0.024801753691264694,7.5289317e-06,0.3080438036530233,0.002440980186432462,0.18986843143784182,-0.0006527761035635404,0.182383991197547,-0.0025911143715602603,0.31970377371158787,0.0008029102886913386,0.00012580301,0.3074923185826858,0.0018894951160949303,0.18978964785636504,-0.0007315596850403228,0.17387536439805393,-0.011099741171053334,0.3288426691628953,0.009941805739998755,0.00022325886,0.2909477664725604,-0.014655056994030469,0.19073505083408648,0.00021384329268112068,0.18135980463834875,-0.0036153009307585138,0.3369573780550044,0.01805651463210789,0.00015582198,0.29332073092522976,-0.01228209254136109,0.19840894771631729,0.007887740174911922,0.1933679899359269,0.008392884366819647,0.31490233142252605,-0.0039985320003704805
40,-40,0.0005210368,0.3324667139108275,0.022420706477793262,0.17237847634999492,-0.014644905515699691,0.19396517767463475,0.009352459450308326,0.30118963206454274,-0.017128260412402008,6.699916e-05,0.31584337821922526,0.005797370786191025,0.19089261799704005,0.0038692361313454326,0.17679035691269507,-0.00782236131163136,0.31647364687103957,-0.0018442456059051815,0.00012924826,0.31182541556390914,0.0017794081308749043,0.17907508077552192,-0.007948301090172694,0.1784448121237076,-0.00616790610061882,0.3306546915368614,0.012336799059916637,0.00017458372,0.2959899156870748,-0.014056091745959454,0.19396517767463478,0.0069417958089401655,0.1804144016606273,-0.004198316563699123,0.32963050497766316,0.01131261250071841,0.00025530162,0.29410838057841576,-0.01593762685461847,0.1988027725429103,0.011779390677215673,0.1934467549012455,0.008834036676919066,0.3136420919774284,-0.004675800499516325
41,-39,0.0006924248,0.3318364452590132,0.024185345495834953,0.17340266290919318,-0.01303774801054966,0.1981407074929045,0.01297653026565071,0.29662018433888904,-0.024124127750936086,1.7423963e-05,0.3056015126272429,-0.002049587135935338,0.19089261799704005,0.00445220707729721,0.18325061059379166,-0.0019135666334621215,0.3202552587819254,-0.0004890533078997228,0.00019789128,0.3041834081606607,-0.003467691602517531,0.18734735683058462,0.0009069459108417832,0.1727723942573789,-0.012391782969874893,0.3356968407513758,0.014952528661550668,0.00012394543,0.2991412589461463,-0.008509840817031933,0.18624438668990959,-0.00019602422983325263,0.1798629165902898,-0.005301260636963984,0.33475143777365435,0.014007125683829225,0.00011986075,0.29749527408711557,-0.010155825676062658,0.1943131695197501,0.007872758600007274,0.19179269062955492,0.006628513402301139,0.31639886576357945,-0.004345446326245672
42,-38,0.0005481938,0.32742456469631304,0.020324923936062167,0.18072953598653443,-0.00712891236930735,0.197589222422567,0.0119523660499469,0.2942566768945854,-0.025148377616701856,7.220678e-05,0.3098558260269894,0.0027561852667385422,0.19412274483758835,0.006264296481746562,0.1777357598904165,-0.007901096482203579,0.3182856692450057,-0.0011193852662815806,0.00020000401,0.30315922160146247,-0.0039404191587884,0.18380209566412917,-0.004056352691712617,0.1760025210979272,-0.009634335274692901,0.3370361616364812,0.017631107125193946,8.494049e-05,0.30079571415715883,-0.006303926603092036,0.18845032697125966,0.0005918786154178735,0.18017805091619693,-0.00545880545642316,0.3305759079553846,0.01117085344409735,0.00016302161,0.294265910509053,-0.012833730251197883,0.19218651545614793,0.004328067100306143,0.19667611847930808,0.011039262106687986,0.316871455555491,-0.0025335989557962457
43,-37,0.00046655769,0.3235641692039505,0.01635423664311414,0.18742614041206138,-0.0050803195398825,0.19672260302632233,0.012740123662484337,0.29228708735766573,-0.02401404076571606,0.00018558177,0.31103757974914126,0.003827647188304917,0.19577720004860089,0.00327074009665701,0.16938470025387703,-0.014597779109960962,0.3238005199483809,0.007499391824999091,9.2879214e-05,0.30505002755690536,-0.002159905003930984,0.19041991650817933,-0.002086543443764549,0.17671157333121829,-0.007270906032619706,0.32781848260369706,0.011517354480315267,0.00013122601,0.2965414007574123,-0.01066853180342403,0.19152288664885436,-0.0009835733030895133,0.18135980463834875,-0.0026226747254892435,0.3305759079553846,0.014274779832002815,0.00016291524,0.29985822304667353,-0.0073517095141628075,0.1973850031671755,0.004878543215231623,0.1957309388954849,0.01174845953164691,0.3070258348906661,-0.009275293232715698
44,-36,0.00029958342,0.31789175133762176,0.014242668338544984,0.1843535807344667,-0.0077274679866475016,0.19530449855974016,0.010108809389461959,0.3024501693681714,-0.01662400974135947,8.164135e-06,0.30284408727555534,-0.00080499572352144,0.1951469313967866,0.003065882675672399,0.1836445285011756,-0.0015511606691026025,0.3183644528264825,-0.0007097262830483286,5.3997894e-05,0.30213503504226424,-0.0015140479568125365,0.19049870008965614,-0.0015823486314580637,0.17954778226438264,-0.005647906905895561,0.32781848260369706,0.008744303494166217,7.205036e-05,0.2973292365721802,-0.0063198464268965915,0.19097140157851686,-0.001109647142597342,0.1816749389642559,-0.0035207502060222995,0.3300244228850471,0.010950243775516233,4.999865e-05,0.29804662884434574,-0.00560245415473104,0.19943289226545907,0.0073518435443448715,0.18580655326534135,0.0006108640950631405,0.31671392562485384,-0.0023602534846769996
45,-35,0.00038001416,0.3182068856635289,0.01080788144454603,0.1849050658048042,-0.0030636743516230525,0.19979516270391706,0.014221330217345812,0.29709288582774984,-0.02196553731026879,1.5748616e-05,0.3106436618417573,0.0032446576227744273,0.18395966282708276,-0.004009077329344496,0.18514141654923455,-0.0004324159373366998,0.3202552587819254,0.0011968356439067684,0.00017373191,0.3041046245791839,-0.00329437963979895,0.18537776729366492,-0.0025909728627623307,0.17560860319054325,-0.009965229296028,0.3349090049366079,0.01585058179858928,0.00016472691,0.30008666192386774,-0.007312342295115126,0.18782005831944534,-0.00014868183698191206,0.1772630584015558,-0.00831077408501546,0.33483022135513113,0.015771798217112498,0.0001275558,0.30395400124324073,-0.0034450029757421285,0.19777882799376847,0.00981008783734122,0.19005986139254571,0.004486028905974465,0.3082073093704451,-0.010851113767573528
46,-34,0.0003315244,0.30788623649006974,0.002897895912455095,0.1867170881787703,-0.0041822626789281,0.20326164028889573,0.017876879460471007,0.30213503504226424,-0.016592512693997974,4.489283e-05,0.3074923185826858,0.002503978005071128,0.19105018515999364,0.00015083430229523298,0.17828724496075404,-0.007097515867670684,0.32317025129656657,0.004442703560304351,9.7110664e-05,0.30402584099770713,-0.0009624995799075164,0.19097140157851686,7.205072081845065e-05,0.17623887184235756,-0.009145888986067163,0.3287638855814185,0.010036337845156285,0.00017524163,0.301110848483066,-0.003877492094548629,0.19301977469691334,0.00212042383921493,0.17363901365362355,-0.011745747174801174,0.33223036316639715,0.013502815430134929,0.00012120473,0.3044265910351523,-0.0005617495424623531,0.1927378702133781,0.0018385193556796908,0.1954946439995291,0.010109883171104367,0.3073408947519405,-0.011386652984321732
47,-33,0.00022374374,0.3116678484009555,0.007467306398951379,0.18726857324910784,-0.00296902680507774,0.1989285433076724,0.011731845755343445,0.30213503504226424,-0.01623012534921714,5.4305794e-05,0.30284408727555534,-0.001356454726448797,0.19428031200054194,0.004042711946356359,0.18002048375324337,-0.00717621379908559,0.32285511697065944,0.004489956579178056,0.00019125525,0.3022926022052178,-0.0019079397967863287,0.18852911055273644,-0.0017084895014491397,0.1753722524461129,-0.011824445106216053,0.3338060347959329,0.015440874404451521,9.3458315e-05,0.3073347514197322,0.0031342094177280733,0.18805640906387572,-0.0021811909903098614,0.1778933270533701,-0.009303370498958852,0.326715512463022,0.008350352071540612,0.00026123357,0.29686515436456673,-0.007335387637437407,0.19305293007465252,0.0028153300204669385,0.20376496535798205,0.016568267805653097,0.3063169502027987,-0.012048210188682684
48,-32,0.00016789869,0.3239580871113344,0.015660992516155547,0.18750492399353816,-0.0013934184821095263,0.18427479715298986,-0.0012044995045081275,0.3042621917421375,-0.013063074529537977,2.2869446e-05,0.3111951469120948,0.0028980523169159778,0.18514141654923455,-0.003756925926413135,0.18884424487864357,0.0033649482211455806,0.31481919166002703,-0.0025060746116484234,6.444292e-05,0.30638934844201077,-0.0019077461531680773,0.18655952101581674,-0.002338821459830942,0.1798629165902898,-0.005616380067208188,0.32718821395188274,0.00986294768020729,0.00016579422,0.295911132105598,-0.012385962489580848,0.19475301348940266,0.005854671013754975,0.179784133008813,-0.005695163648684998,0.3295517213961864,0.012226455124510927,8.115428e-05,0.3040327662085593,-0.004264328386619554,0.19053245118445733,0.001634108708809645,0.1946282293810245,0.009148932723526515,0.31080655322595885,-0.0065187130457166065
49,-31,0.0002737369,0.3210430945966933,0.01506212781380939,0.17883873003109155,-0.009051230267774657,0.19593476721155448,0.008312658428395847,0.3041834081606607,-0.01432355597443058,3.818005e-06,0.3034743559273696,-0.0025066108555142907,0.18860789413421322,0.0007179338353470177,0.18860789413421322,0.000985785351054591,0.31930985580420396,0.000802891669112682,0.0001582936,0.30402584099770713,-0.001955125785176759,0.1841960135715131,-0.003693946727353098,0.17820846137927726,-0.00941364740388137,0.33356968405150256,0.015062719916411282,0.0001283318,0.3004017962497749,-0.005579170533108968,0.19207437171919187,0.004184411420325662,0.17828724496075404,-0.009334863822404588,0.3292365870702792,0.010729622935187921,0.00016870124,0.30096093256113393,-0.005020034221749958,0.1957309388954849,0.007840978596618697,0.19706994330590108,0.009447834522742449,0.3062381852374801,-0.012268778897611188
50,-30,0.00026741464,0.31615851254513244,0.010240569648297393,0.1842747971529899,-0.0073965963088068465,0.1989285433076724,0.012220280872221989,0.30063814699420527,-0.015064254211712536,6.0507405e-06,0.30331678876441603,-0.0026011541324190146,0.19270464037100618,0.0010332469092094454,0.18592925236400243,-0.0007790100714479831,0.31804931850057533,0.0023469172946575245,0.00012232686,0.30646813202348755,0.0005501891266525005,0.19152288664885436,-0.00014850681294237278,0.1759237375164504,-0.010784524919000005,0.32608524381120774,0.010382842605289933,0.00014944447,0.29354762466129436,-0.01237031823554069,0.19049870008965614,-0.0011726933721405985,0.1855353344566185,-0.0011729279788319225,0.33041834079243104,0.014715939586513238,0.00010689411,0.31009766853809145,0.004179725641256404,0.1993541273001405,0.007682733838343753,0.18722432264107614,0.0005160602056257235,0.3033238815206919,-0.012378519685225908
51,-29,0.00028010365,0.32183093041146116,0.014337390363405034,0.17994170017176658,-0.00876757064573458,0.193886394093158,0.009320943783368202,0.30434097532361426,-0.014890763501038684,1.7582326e-05,0.3124556842157234,0.004962144167667271,0.18900181204159716,0.00029254122409599903,0.18183250612720947,-0.002732944182580327,0.31670999761547,-0.0025217412091829705,0.00032385375,0.30000787834239095,-0.00748566170566517,0.18199007329016306,-0.0067191975273381,0.1752146852831593,-0.009350765026630486,0.3427873630842867,0.023555624259633756,9.138961e-05,0.29858977387580876,-0.008903766172247363,0.19294099111543653,0.004231720297935365,0.18002048375324337,-0.0045449665565464314,0.3284487512555113,0.009217012430858373,0.00021086555,0.3045841209657895,-0.0029094190822666066,0.19966918716141488,0.010959916343913717,0.1918714555948735,0.007306005285083711,0.3038752362779221,-0.015356502546730821
52,-28,0.00033749273,0.3296305049776631,0.01922211019984804,0.17694792407564863,-0.010280285419704743,0.19065626725260967,0.00632715651550303,0.3027653036940785,-0.015268981295646467,4.0995918e-05,0.3086740723048376,-0.0017343224729774454,0.18443236431594348,-0.002795845179409895,0.18072953598653446,-0.003599574750572182,0.3261640273926845,0.00812974240295955,0.00017266136,0.30394705741623035,-0.006461337361584718,0.18766249115649178,0.0004342816611384026,0.17482076737577537,-0.009508343361331273,0.33356968405150256,0.015535399061777588,7.814279e-05,0.29953517685353026,-0.010873217924284806,0.1924682896265758,0.00524008013122243,0.18451114789742026,0.0001820371603136195,0.3234853856224737,0.005451100632748729,0.00014187058,0.3102551984687287,-0.0001531963090863897,0.1946282293810245,0.0074000198856711275,0.19092627601105033,0.006597165273943689,0.3041902961391965,-0.013843988850528455
53,-27,0.00026987266,0.3156070274747949,0.00686876567727418,0.1855353344566185,-0.004418658110347279,0.19735287167813664,0.01400063117478706,0.30150476639044993,-0.01645073874171399,8.755684e-06,0.31032852751585016,0.001590265718329431,0.19097140157851686,0.0010174090115510903,0.18017805091619693,-0.0031741895871526538,0.3185220199894361,0.0005665148572721601,0.00025580073,0.31040731109732694,0.0016690492998062134,0.18632317027138637,-0.0036308222955794,0.16906956592796987,-0.014282674575379711,0.3341999527033168,0.016244447571152898,0.00016125054,0.2972504529907034,-0.011487808806817323,0.19467422990792588,0.0047202373409601095,0.17710549123860223,-0.006246749264747359,0.3309698258627686,0.013014320730604656,0.00013855472,0.31009766853809145,0.0013594067405707233,0.1922652804214665,0.002311287854500743,0.19305293007465252,0.009700689571302934,0.3045841209657895,-0.0133713841663744
54,-26,0.00018836198,0.3156858110562717,0.007955931435532415,0.18206885687163984,-0.005411448167908894,0.19751043884109024,0.010628860719005512,0.3047348932309982,-0.01317334398662906,5.0270923e-05,0.3086740723048376,0.0009441926840983439,0.18845032697125966,0.0009700219317109182,0.17946899868290586,-0.007412579439178862,0.3234066020409969,0.005498364823369628,0.00015910938,0.30331678876441603,-0.004413090856323243,0.18963208069341145,0.0021517756538627086,0.1760025210979272,-0.010879057024157535,0.33104860944424536,0.013140372226618069,7.778728e-05,0.3016623335534035,-0.006067546067335783,0.18900181204159716,0.0015215070020484223,0.18128102105687197,-0.005600557065212758,0.3280548333481274,0.010146596130500118,0.00021321743,0.3093100188849055,0.0015801392641662249,0.18824826719021792,0.0007679621506691825,0.20014177695332647,0.013260198831241743,0.3022999369715501,-0.015608300246077178
55,-25,0.00015841005,0.30654691560496433,-0.0008520886140185313,0.1881351926453525,-0.00218118726639413,0.19916489405210278,0.013212918249238453,0.3061529976975804,-0.010179642368825792,1.1273705e-05,0.3077286693271162,0.0003296651081333146,0.19278342395248296,0.0024670440407363325,0.18269912552345416,-0.0032528502794101632,0.31678878119694676,0.00045614113054054384,0.00010299671,0.30505002755690536,-0.0023489766620775065,0.19168045381180793,0.0013640739000612967,0.17671157333121829,-0.009240402471646036,0.32655794530006843,0.010225305233662219,9.439241e-05,0.30008666192386774,-0.007312342295115126,0.191286535904424,0.0009701559926773573,0.18065075240505768,-0.0053012233978066425,0.3279760497666506,0.011643409700244411,0.00011934129,0.31758034024335846,0.010181336024375598,0.18769691243298775,-0.00261946747875888,0.19053245118445733,0.004580475381593008,0.3041902961391965,-0.012142343927209698
56,-24,0.00021078519,0.304813676812475,-0.0026798632355811147,0.18356574491969882,-0.005222305755363393,0.19798314032995096,0.015828353661529376,0.31363743793787524,-0.007926184670584868,1.7171795e-05,0.30260773653112494,-0.004885803516931186,0.18884424487864357,5.619420358135563e-05,0.18514141654923455,0.0029866298808129688,0.3234066020409969,0.0018429794325368065,0.00017619877,0.30898920663074475,0.0014956665826886262,0.18640195385286318,-0.0023860968221990353,0.16993618532421453,-0.012218601344207047,0.33467265419217757,0.013109031583717456,0.00016564612,0.30575907979019645,-0.0017344602578596713,0.18734735683058462,-0.0014406938444775919,0.17111793904636635,-0.01103684762205523,0.3357756243328526,0.014212001724392465,0.00027135166,0.31529615624911905,0.0078026162010629285,0.19777882799376847,0.008990777318706261,0.18659420291852735,0.004439416250105771,0.30033081283858515,-0.02123280976987496
57,-23,0.0003941638,0.3067044827679179,-0.0028846014912622397,0.18931694636750432,0.003491018336737678,0.20389190894071002,0.018885291428578338,0.30008666192386774,-0.01949170827405383,6.2973566e-05,0.30181990071635706,-0.007769183542823077,0.18915937920455073,0.0033334511737840855,0.1816749389642559,-0.003331678547875777,0.3273457811148363,0.007767410916914741,0.0001852221,0.31214054988981627,0.0025514656306361294,0.18143858821982553,-0.00438733981094111,0.17316631216476283,-0.011840305347368851,0.3332545497255954,0.013676179527673804,0.000112320406,0.3066256991864411,-0.002963385072739022,0.18277790910493094,-0.0030480189258356993,0.17781454347189332,-0.007192074040238361,0.3327818482367347,0.01320347803881311,0.00014888543,0.3206521738907838,0.011063089631603684,0.18643667298789016,0.0006107449571235157,0.18848456208617373,0.0034779445740420467,0.3044265910351523,-0.015151779162769274
58,-22,0.00015751374,0.31158906481947873,0.00335499411034873,0.18577168520104886,-0.0014880362373289324,0.19475301348940266,0.011227457299418764,0.30788623649006974,-0.01309441517243859,6.9640904e-05,0.3041834081606607,-0.004050662548469308,0.18986843143784182,0.002608709999464026,0.17671157333121829,-0.00681398285876561,0.3292365870702792,0.008255935407770865,0.00013565212,0.3091467737936983,0.0009127030845683115,0.18120223747539518,-0.006057483962982613,0.17552981960906647,-0.007995736580917429,0.33412116912184003,0.013140517459331702,2.7275712e-05,0.3069408335123483,-0.0012932371967817047,0.19018356576374898,0.0029238443253711832,0.1786023792866612,-0.004923176903322696,0.3242732214372416,0.003292569774733245,0.00010458998,0.3093100188849055,0.0010759481757754985,0.18927221173935974,0.0020124903009819395,0.1920289855255107,0.008503429335526808,0.30938878385022406,-0.011591867812284273
59,-21,0.00015355012,0.3201764752004486,0.010729194684878374,0.1830142598493613,-0.0030480077540885053,0.18955329711193467,0.006153788694048451,0.30725596783825543,-0.013834975624838375,0.00012686866,0.29748680373513375,-0.011960476780436491,0.19199558813771508,0.005933320534265291,0.179784133008813,-0.0036153754090732237,0.33073347511833817,0.009642531655244369,0.0001365621,0.3093831245381287,-6.415597744152679e-05,0.18143858821982553,-0.004623679383624263,0.1746632002128218,-0.008736308205064408,0.334515087029224,0.013424143566130198,5.0535604e-05,0.3106436618417573,0.001196381326187046,0.18388087924560595,-0.002181388357843844,0.177184274820079,-0.006215233597807207,0.32829118409255775,0.00720024062946395,0.0002196024,0.3095463137808613,9.903326529103751e-05,0.18998109642722713,0.003918828823777337,0.19580970386080349,0.012410195442917271,0.30466288593110813,-0.016428057531985674
60,-20,2.6124626e-05,0.3093831245381287,0.0009757381423644018,0.1829354762678845,-0.0032055711931263386,0.18947451353045788,0.004893307249155876,0.3182068856635289,-0.002663474198393967,7.268655e-05,0.3024501693681714,-0.005957217027592943,0.18900181204159716,0.002860764580586317,0.17883873003109155,-0.00574247625021046,0.32970928855913995,0.008838928697217086,0.00012709525,0.30512881113838214,-0.003278575257382177,0.19175923739328474,0.005618189932273893,0.1741117151424843,-0.010469491138817705,0.32900023632584885,0.008129876463925989,2.3453933e-05,0.304813676812475,-0.0035937095832893062,0.18332939417526845,-0.0028116532857423993,0.18529898371218814,0.0007177774308861351,0.32655794530006843,0.00568758543814557,0.00029457672,0.3202583490641908,0.011850962668426501,0.18367989920173916,-0.002461148259271684,0.1951795841382547,0.010598377856952695,0.3008821675958153,-0.01998819226610754
61,-19,6.951009e-05,0.31363743793787524,0.0037017223054264803,0.17742062556450938,-0.007932623320890925,0.18978964785636504,0.0054762930907706064,0.3191522886412504,-0.0012453920753061065,9.064584e-05,0.3048924603939518,-0.005043255238496969,0.18663830459729353,0.0012850557118932182,0.1772630584015558,-0.007050296364038644,0.3312061766071989,0.010808495890642422,0.00011144308,0.3092255573751751,-0.0007101582572736631,0.18474749864185064,-0.0006057502435496687,0.1746632002128218,-0.009650154552772627,0.3313637437701525,0.010966063053595987,3.3562956e-06,0.3084377215604072,-0.0014979940720415419,0.1868746553417239,0.001521406456323593,0.18522020013071136,0.0009068453651169261,0.3194674229671575,-0.0009302577493989772,0.0002516017,0.31348456204679126,0.003548846414342499,0.19108380594168753,0.005730557056287222,0.1946282293810245,0.01031487461543007,0.3008034026304967,-0.01959427808605979
62,-18,0.00016112927,0.3119041991453859,0.0010388811937167564,0.1764752225867879,-0.011651077284761446,0.1937288269302044,0.010092978939635039,0.31789175133762176,0.0005192171514096788,9.878852e-05,0.2997715275979606,-0.011093790353708555,0.19168045381180793,0.00355415394025857,0.18143858821982553,-0.002197259770743837,0.32710943037040596,0.009736896184193877,0.0002008885,0.3055227290457661,-0.005342588905903056,0.1893957299489811,0.0012694300774317435,0.17206334202408782,-0.011572505966481544,0.333018198981165,0.01564566479495294,6.930219e-05,0.3195462065486343,0.008680888596965142,0.1881351926453525,8.892773803143017e-06,0.17616008826088078,-0.007475759729688586,0.31615851254513244,-0.0012140216410796434,0.0003801241,0.31758034024335846,0.006715022291689299,0.1949432892422989,0.006816989370749538,0.1947857593116617,0.011149911321092332,0.292690611202681,-0.024681922983531113
63,-17,3.6962872e-05,0.315213109567411,0.003150337780813861,0.1861656031084328,-0.0035362939143376015,0.18608681952695602,0.00492465906380371,0.3125344677972002,-0.004538702930279914,6.829364e-05,0.3084377215604072,-0.0036250502261899187,0.19325612544134368,0.0035542284185732798,0.1741117151424843,-0.0070504453206680084,0.3241944378557648,0.007121267128284703,0.00014318804,0.3048924603939518,-0.0071703113926453454,0.18931694636750432,-0.0003849506552660864,0.17387536439805393,-0.007286796065098383,0.33191522884049,0.014842058113009926,1.412593e-05,0.3116678484009555,-0.0003949233856416212,0.18632317027138637,-0.003378726751384037,0.18088710314948803,-0.0002750573136642842,0.32112187817817006,0.00404870745068997,0.00028585026,0.3201008191335536,0.008038047346956456,0.1934467549012455,0.0037448578784750886,0.19084751104573172,0.00968535058257941,0.29560491491946916,-0.021468255808010928
64,-16,0.00013427367,0.30205625146078746,-0.010101056154882992,0.18837154338978285,-0.0012673297469387168,0.19522571497826338,0.011778938645840537,0.31434649017116634,-0.0004105527440187995,9.778598e-05,0.31111636333061804,-0.0010409442850524142,0.19041991650817933,0.0007810433714577625,0.1741117151424843,-0.009335061189938543,0.32435200501871836,0.009594962103533222,0.00010939898,0.3124556842157234,0.00029837660005294087,0.19041991650817933,0.0007810433714577625,0.17308752858328605,-0.010359247749136796,0.32403687069281123,0.009279827777626093,1.01402475e-05,0.3088316394677912,-0.0033256681478792682,0.19089261799704005,0.0012537448603184842,0.182383991197547,-0.0010627851348758433,0.31789175133762176,0.0031347084224366273,0.00032555938,0.326323251393723,0.014165943778052525,0.1880907372595807,-0.001548135877140866,0.19242281035210368,0.008976034019680834,0.29316320099459253,-0.021593841920592605
65,-15,0.00017808734,0.3029228708570321,-0.007028600746928848,0.18829275980830606,-0.0002747072655851779,0.1983770582373349,0.014489114702570166,0.31040731109732694,-0.007185806690056085,0.00011632689,0.29992909476091417,-0.010022376843046799,0.19664381944484555,0.008076352370954304,0.1791538643569987,-0.004734079177766026,0.3242732214372416,0.006680103649858549,0.00013237048,0.3102497439343734,0.00029827233041240797,0.18648073743433996,-0.0020867296395512824,0.17363901365362355,-0.010248929881141178,0.32963050497766316,0.012037387190280135,7.286201e-05,0.31930985580420396,0.009358384200242986,0.18506263296775777,-0.0035048341061334753,0.17734184198303257,-0.006546101551732159,0.3182856692450057,0.0006925514576226477,0.00011802328,0.3173440453474026,0.007392573743441655,0.18635790802257154,-0.0022095590513196983,0.19092627601105033,0.0070383324762856025,0.3053717706189755,-0.012221347168407504
66,-14,0.00014554152,0.3041834081606607,-0.009911883951011613,0.18608681952695602,0.0016159050462394853,0.19735287167813664,0.01223596236541949,0.3123769006342466,-0.003939983460647389,8.773551e-05,0.3079650200715465,-0.006130272040125784,0.18498384938628099,0.0005129349055644494,0.17939021510142905,-0.0057266942112881025,0.3276609154407435,0.011344031345849492,0.00010501803,0.3084377215604072,-0.00565757055126509,0.18466871506037383,0.00019780057965729236,0.17820846137927726,-0.006908447933439893,0.3286851019999417,0.012368217905047718,4.6624296e-05,0.31899472147829677,0.004899429366624464,0.18372331208265238,-0.0007476023980641511,0.17812967779780045,-0.006987231514916703,0.3191522886412504,0.0028354045463563904,0.00035657198,0.33089161938220174,0.016796327270529432,0.18289224954855313,-0.0015786649321634094,0.1925015753174223,0.007384666004705137,0.2937145557518227,-0.0226023283430713
67,-13,5.7256744e-05,0.30213503504226424,-0.007201953672720529,0.1875049239935382,0.0011117809883319785,0.19341369260429728,0.007256889171774222,0.3169463483599003,-0.0011667164873856994,6.3054526e-05,0.3011896320645428,-0.008147356650441973,0.18805640906387572,0.0016632660586695103,0.18380209566412917,-0.0023547077683938877,0.3269518632074524,0.008838798360166378,0.00017263304,0.3112739304935716,0.0019369417785868315,0.1817537225457327,-0.00463942045947352,0.17513590170168253,-0.011020901730840527,0.33183644525901324,0.013723380411727215,2.4154131e-05,0.31151028123800195,0.0021732925230171785,0.18254155836050057,-0.003851584644705641,0.183486961338222,-0.002669842094301045,0.32246119906327547,0.004348134215989452,0.00039367788,0.3205734089254652,0.011236420210480436,0.19210775049082932,0.005714607485623108,0.1949432892422989,0.00878648580977584,0.2923755513414066,-0.02573751350587944
68,-12,5.7825702e-05,0.3004805798312517,-0.008194658080220185,0.1944378791634955,0.006169775548336254,0.18845032697125966,0.0027819586556151465,0.31663121403399314,-0.0007570761237311596,6.6325076e-05,0.3017411171348803,-0.006934120776591612,0.18703222250467746,-0.0012358811104817846,0.18340817775674523,-0.0022601905588992832,0.32781848260369706,0.010430192445972764,0.000105425715,0.30898920663074475,0.0003139687192728613,0.18466871506037383,-0.003599388554785421,0.17749940914598616,-0.008168959169658346,0.3288426691628953,0.01145437900517099,2.6612527e-06,0.31009217677141976,0.0014169388599478694,0.18703222250467746,-0.0012358811104817846,0.18648073743433996,0.0008123691186954496,0.3163948632895628,-0.0009934268681615066,0.00026682962,0.3220699432665186,0.013394705355046721,0.18816950222489934,-9.860139025991144e-05,0.19250157531742232,0.006833207001777808,0.29725897919115973,-0.020129310966564562
69,-11,2.155393e-05,0.3081225872345001,0.0006763151009805957,0.18884424487864357,-0.0013460872610053798,0.18986843143784182,0.004593962410002567,0.3131647364490145,-0.00392419024997781,0.00023940201,0.29709288582774984,-0.010353386305769652,0.1861656031084328,-0.0040247290312161454,0.1792326479384755,-0.006041821089363769,0.33750886312534195,0.02041993642634965,0.000103325736,0.3095406917010823,0.0020944195675627886,0.1924682896265758,0.002277957486926857,0.17442684946839143,-0.010847619559447824,0.32356416920395054,0.006475242504958234,2.1383677e-05,0.3030016544385089,-0.004444617695010589,0.18978964785636504,-0.0004006842832839086,0.18971086427488826,0.004436395247049002,0.3174978334302378,0.00040890673124549526,0.00033007466,0.3194706994110048,0.012024427277485317,0.1936830497972013,0.003492717657552352,0.1931316950399711,0.007857226012131846,0.29371455575182276,-0.023374370947169543
70,-10,8.334153e-06,0.30969825886403585,-0.002159685292902558,0.18971086427488826,-0.0017872135002741374,0.18774127473796856,0.0008281846728594167,0.31284960212310736,0.003118714120317334,0.00029464747,0.3026865201126017,-0.009171424044336685,0.19112896874147042,-0.00036910903369197223,0.17552981960906647,-0.011383270456042677,0.3306546915368614,0.02092380353407136,6.283477e-05,0.3105648782602805,-0.0012930658966578967,0.19026234934522576,-0.0012357284299366333,0.1804144016606273,-0.006498688404481839,0.3187583707338664,0.009027482731076397,3.2547527e-05,0.3098558260269894,-0.002002118129948993,0.19396517767463478,0.002467099899472386,0.19175923739328474,0.004846147328175593,0.3044197589050911,-0.00531112909769893,0.00050631876,0.32648078132436015,0.014622837167421743,0.19242281035210368,0.000924732576941284,0.19911783240418465,0.012204742339075508,0.2819785759193514,-0.027752312083438646
71,-9,1.2721251e-05,0.3201764752004486,0.0007714206891613618,0.18569290161957208,-0.002386130337440645,0.18734735683058462,0.0033333655237222093,0.3067832663493947,-0.0017186558754428982,6.703299e-05,0.3149767588229806,-0.00442829568830666,0.18482628222332742,-0.003252749733685306,0.1809658867309648,-0.0030481045758976033,0.3192310722227272,0.010729149997889598,0.00015579141,0.3220672811558915,0.0026622266446042486,0.18829275980830606,0.00021372785129333827,0.17127550620931994,-0.012738485097542468,0.3183644528264825,0.009862530601644937,1.947774e-05,0.3195462065486343,0.00014115203734704762,0.1924682896265758,0.004389257669563079,0.1811234538939184,-0.002890537412944011,0.3068620499308715,-0.0016398722939660604,0.00027823923,0.3202583490641908,0.0008532945529035607,0.18911468180872254,0.0010356498517098134,0.1993541273001405,0.015340135993278076,0.2912728418269462,-0.017229080397891394
72,-8,0.00010154631,0.3536594973280833,0.01151857592467631,0.1733238793277164,-0.004293187545188565,0.1823052076160702,0.002182941272723754,0.29071141572813,-0.009408329652211611,0.00013074279,0.34199952726951877,-0.00014139413388825073,0.17001496890569132,-0.007602097967213645,0.17482076737577534,-0.005301498967571094,0.31316473644901444,0.013044991068672851,7.808039e-05,0.34562357201745103,0.003482650614044014,0.174584416631345,-0.0030326502415599643,0.17222090918704136,-0.007901357156305078,0.30757110216416256,0.007451356783820973,1.4064359e-05,0.34341763173610096,0.0012767103326939422,0.18041440166062728,0.0027973347877223165,0.17679035691269504,-0.0033319094306513974,0.29937760969057664,-0.0007421356897649445,0.00038028194,0.3260081915324486,-0.01613272987095843,0.1897448015312713,0.012127734658366335,0.19447069945038728,0.014348433107040842,0.2897763074858927,-0.01034343789444886
73,-7,0.00012588943,0.3300244228850471,0.010335760886540035,0.17308752858328602,-0.010343491777624614,0.19357125976725081,0.003034296254333241,0.303316788764416,-0.003026565363248801,0.00022180965,0.310013393189943,-0.009675268808564064,0.18388087924560595,0.00044985888469531443,0.18159615538277912,-0.00894080813013845,0.324509572181672,0.0181662180540072,8.471693e-05,0.31214054988981627,-0.007548112108690774,0.18577168520104886,0.002340664840138229,0.1855353344566185,-0.005001629056299084,0.31655243045251635,0.010209076324851574,8.924779e-05,0.32624281097416125,0.006554148975654206,0.1872685732491078,0.0038375528881971765,0.19223193888214543,0.001694975369227858,0.2942566768945854,-0.01208667723307938,0.00013702881,0.32002205416823504,0.00033339216972799735,0.18714555767575755,0.0037145373148469163,0.19974795212673346,0.00921098861381589,0.293084436029274,-0.013258918098390804
74,-6,1.574331e-05,0.31670999761547,-0.004207630160989517,0.18782005831944534,0.0007336525677018868,0.18884424487864357,0.003554019879292103,0.3066256991864411,-8.004228600450025e-05,0.00012010211,0.31584337821922526,-0.005074249557234234,0.18403844640855954,-0.0030479593431839147,0.17931143151995227,-0.005978793479399197,0.32080674385226293,0.014101002379817318,0.00015851019,0.31938863938568074,-0.0015289883907787516,0.19018356576374898,0.003097160012005523,0.17300874500180927,-0.0122814799975422,0.317419049848761,0.0107133083763154,0.00011909955,0.33380603479593285,0.012888407019473358,0.18072953598653443,-0.006356869765209022,0.1867958717602471,0.0015056467608956237,0.29866855745728554,-0.00803718401516007,0.00025237596,0.318840579688456,-0.0020770480880034636,0.19265910524805951,0.005572699496316058,0.19848771268163587,0.013197487682284403,0.29001260238184856,-0.016693139090597053
75,-5,0.00015774851,0.304813676812475,-0.009959122074222337,0.18482628222332742,0.000134784141439942,0.19955881195948671,0.013212936868817138,0.31080122900471086,-0.0033885989360347146,0.00016232199,0.30820137081597687,-0.006571428070720475,0.18648073743433996,0.0017892393524524819,0.17679035691269507,-0.009555518177974509,0.32852753483698816,0.014337706896242586,0.00017551752,0.3105648782602805,-0.004207920626416839,0.18569290161957208,0.001001403537684603,0.17513590170168253,-0.011209973388987049,0.32860631841846494,0.014416490477719368,2.3129816e-05,0.31986134087454143,0.005088541987844086,0.18309304343083807,-0.001598454651049408,0.18230520761607022,-0.004040667474599358,0.31474040807855025,0.0005505801378046793,0.0004621321,0.3304190295902901,0.01564623070359278,0.18336483934046474,-0.001326658741422737,0.19793635792440564,0.011590482833736065,0.2882797731448393,-0.025910054795906245
76,-4,8.0903716e-05,0.3219884975744147,0.010067529531427477,0.19073505083408648,-0.0043238765028355,0.18829275980830606,0.0021517123472952204,0.29898369178319273,-0.007895365375887198,0.00017559186,0.3036319230903232,-0.008289044952664026,0.19617111795598483,0.0011121906190628417,0.17765697630893973,-0.008484071152071115,0.32253998264475225,0.015660925485672328,0.00012357732,0.3055227290457661,-0.0063982389972211395,0.19617111795598483,0.0011121906190628417,0.1785235957051844,-0.007617451755826454,0.31978255729306465,0.012903500133984724,2.9261219e-05,0.3162372961266092,0.004316328083621979,0.19798314032995096,0.002924212993028974,0.18506263296775777,-0.001078414493253077,0.30071693057568205,-0.0061621265833978756,0.00023398604,0.31222432260169364,0.0003033545587063924,0.1942344045544315,-0.0008245227824904833,0.20116572150246825,0.015024674041457409,0.2923755513414066,-0.014503505817673346
77,-3,0.00015270578,0.3325454974923043,0.012226596633308828,0.17356023007214674,-0.010359225405642408,0.18293547626788448,-0.004954484030981726,0.3109587961676644,0.0030871128033152506,0.0002734847,0.3126920349601538,-0.0076268658988416504,0.17639643900531113,-0.007523016472478022,0.18143858821982553,-0.006451372079040674,0.3294729378147096,0.02160125445036043,4.896717e-05,0.32230363190032185,0.001984731041326404,0.17742062556450938,-0.006498829913279769,0.18608681952695602,-0.0018031407719101833,0.3141889230082127,0.006317239643863548,5.0151186e-05,0.32561254232234693,0.005293641463351484,0.1873473568305846,0.0034279013527954427,0.1878988419009221,8.8816020558935e-06,0.29914125894614624,-0.008730424418202931,0.00065931276,0.3084436042664009,-0.011875296592594564,0.20486767487244245,0.0209482193946533,0.20108695653714967,0.013196996238283465,0.285601764324007,-0.022269919040342145
78,-2,0.000281303,0.31891593789682,0.01813444171296552,0.18120223747539518,-0.012517432282988905,0.18514141654923455,-0.007963770320173341,0.31474040807855025,0.002346760890196642,0.00031149242,0.2902387142392693,-0.010542781944585189,0.18403844640855954,-0.009681223349824547,0.1906562672526097,-0.0024489196167981897,0.33506657209956153,0.022672924911207926,8.7067114e-05,0.2971716694092266,-0.0036098267746278445,0.18600803594547924,-0.00771163381290485,0.19412274483758835,0.0010175579681804547,0.3226975498077058,0.010303902619352212,9.613552e-05,0.29110533363551394,-0.009676162548340528,0.19790435674847418,0.004184686990090086,0.20129205075197604,0.008186863882568146,0.30969825886403585,-0.00269538832431776,0.00086427556,0.30647448013343587,0.005692983949581398,0.21943919345638335,0.025719523697999264,0.1943131695197501,0.0012079826503422209,0.27977315689043064,-0.032620490297922966
79,-1,0.0076109534,0.31411013942673593,0.034173793553536,0.1823052076160702,-0.03968067503521955,0.10115811869497893,-0.06782467578923468,0.4024265342622149,0.07333155727091822,0.0011223778,0.27755455762150644,-0.002381788251693495,0.22642401324307126,0.004438130591781525,0.1377137005002084,-0.03126909398400521,0.3583077286352138,0.029212751643917123,0.00036468726,0.26045852044104356,-0.01947782543215637,0.24068384149036987,0.018697958839080125,0.16938470025387703,0.0004019057696634243,0.3294729378147096,0.00037796082341290393,0.002014577,0.26739147561100085,-0.012544870262199082,0.24572599070488427,0.023740108053594527,0.20334042387037252,0.03435762938615891,0.28354210981374234,-0.04555286717755436,0.0039825044,0.28016698171702364,0.00023063584382371216,0.21479206050258598,-0.00719382214870376,0.2333018273524569,0.06431903286824328,0.27173913042793346,-0.05735584656336323
