Set_ID,Set_Name,Set_Dir,Class_ID,File,Predictor,N_Generated_Loaded,N_Evaluated,GC_Nat,GC_Gen,GC_Diff,Diversity,Novelty,Lev_Intra_Nat,Lev_Intra_Gen,Lev_Inter,Bio_Intra_Nat,Bio_Intra_Gen,Bio_Inter,K4_PCC,K5_PCC,K6_PCC,Pred_N,Pred_Acc,Pred_MeanPred,Pred_MAE,Pred_Dist
1,set_01,/data/stu1/wrc3_pycharm_project/WRC_mask_diffusion/wrc_gen_all/optimized/results_try_10sets_new_eval_psednc6_same_rule/set_01,0,/data/stu1/wrc3_pycharm_project/WRC_mask_diffusion/wrc_gen_all/optimized/results_try_10sets_new_eval_psednc6_same_rule/set_01/zhou_unet_label_0.csv,DNABERT2/mlp1_dataCGR_eval_zhou_unet_epoch100,2000,2000,0.3706925076813993,0.36299375,0.007698757681399271,1.0,1.0,43.805,43.227,43.693,8.56125,8.77625,8.65125,0.9822215213344582,0.972175838845906,0.9424449117714377,2000,0.9965,0.0035,0.0035,"{0: 1993, 1: 7}"
1,set_01,/data/stu1/wrc3_pycharm_project/WRC_mask_diffusion/wrc_gen_all/optimized/results_try_10sets_new_eval_psednc6_same_rule/set_01,1,/data/stu1/wrc3_pycharm_project/WRC_mask_diffusion/wrc_gen_all/optimized/results_try_10sets_new_eval_psednc6_same_rule/set_01/zhou_unet_label_1.csv,DNABERT2/mlp1_dataCGR_eval_zhou_unet_epoch100,2000,2000,0.3697195304498543,0.3572375,0.012482030449854298,1.0,1.0,44.635,44.383,44.579,8.4975,8.69,8.69125,0.9957215023908239,0.9892879286153031,0.9665291639979176,2000,0.88,0.985,0.123,"{0: 138, 1: 1760, 2: 99, 4: 3}"
1,set_01,/data/stu1/wrc3_pycharm_project/WRC_mask_diffusion/wrc_gen_all/optimized/results_try_10sets_new_eval_psednc6_same_rule/set_01,2,/data/stu1/wrc3_pycharm_project/WRC_mask_diffusion/wrc_gen_all/optimized/results_try_10sets_new_eval_psednc6_same_rule/set_01/zhou_unet_label_2.csv,DNABERT2/mlp1_dataCGR_eval_zhou_unet_epoch100,2000,2000,0.36689907823209644,0.35038125000000003,0.01651782823209641,1.0,1.0,45.154,44.921,44.991,8.6525,9.2,8.8,0.9962000630377567,0.9902310877065799,0.97131972014655,2000,0.861,2.033,0.143,"{1: 110, 2: 1722, 3: 160, 4: 8}"
1,set_01,/data/stu1/wrc3_pycharm_project/WRC_mask_diffusion/wrc_gen_all/optimized/results_try_10sets_new_eval_psednc6_same_rule/set_01,3,/data/stu1/wrc3_pycharm_project/WRC_mask_diffusion/wrc_gen_all/optimized/results_try_10sets_new_eval_psednc6_same_rule/set_01/zhou_unet_label_3.csv,DNABERT2/mlp1_dataCGR_eval_zhou_unet_epoch100,2000,2000,0.3768002048373119,0.36310000000000003,0.01370020483731188,1.0,1.0,46.109,45.319,45.745,8.69375,9.15875,8.9675,0.993558869201108,0.9886240704043281,0.975372712015326,2000,0.9025,3.0505,0.0975,"{2: 47, 3: 1805, 4: 148}"
1,set_01,/data/stu1/wrc3_pycharm_project/WRC_mask_diffusion/wrc_gen_all/optimized/results_try_10sets_new_eval_psednc6_same_rule/set_01,4,/data/stu1/wrc3_pycharm_project/WRC_mask_diffusion/wrc_gen_all/optimized/results_try_10sets_new_eval_psednc6_same_rule/set_01/zhou_unet_label_4.csv,DNABERT2/mlp1_dataCGR_eval_zhou_unet_epoch100,2000,2000,0.3948133270321361,0.381975,0.01283832703213611,1.0,1.0,46.895,46.785,47.055,8.78875,10.345,9.48,0.9874387521635881,0.9868198493913678,0.9834047485196558,2000,0.9885,3.985,0.015,"{2: 7, 3: 16, 4: 1977}"
2,set_02,/data/stu1/wrc3_pycharm_project/WRC_mask_diffusion/wrc_gen_all/optimized/results_try_10sets_new_eval_psednc6_same_rule/set_02,0,/data/stu1/wrc3_pycharm_project/WRC_mask_diffusion/wrc_gen_all/optimized/results_try_10sets_new_eval_psednc6_same_rule/set_02/zhou_unet_label_0.csv,DNABERT2/mlp1_dataCGR_eval_zhou_unet_epoch100,2000,2000,0.3706925076813993,0.36359375,0.007098757681399281,1.0,1.0,43.924,43.369,43.682,8.60375,8.78125,8.6525,0.9822857679459276,0.9720054073013701,0.9426385014823524,2000,0.997,0.003,0.003,"{0: 1994, 1: 6}"
2,set_02,/data/stu1/wrc3_pycharm_project/WRC_mask_diffusion/wrc_gen_all/optimized/results_try_10sets_new_eval_psednc6_same_rule/set_02,1,/data/stu1/wrc3_pycharm_project/WRC_mask_diffusion/wrc_gen_all/optimized/results_try_10sets_new_eval_psednc6_same_rule/set_02/zhou_unet_label_1.csv,DNABERT2/mlp1_dataCGR_eval_zhou_unet_epoch100,2000,2000,0.3697195304498543,0.358725,0.010994530449854267,1.0,1.0,44.712,44.341,44.577,8.50375,8.755,8.65625,0.9947322222908688,0.9877371202283094,0.9636916440184737,2000,0.883,0.9945,0.1205,"{0: 126, 1: 1766, 2: 104, 3: 1, 4: 3}"
2,set_02,/data/stu1/wrc3_pycharm_project/WRC_mask_diffusion/wrc_gen_all/optimized/results_try_10sets_new_eval_psednc6_same_rule/set_02,2,/data/stu1/wrc3_pycharm_project/WRC_mask_diffusion/wrc_gen_all/optimized/results_try_10sets_new_eval_psednc6_same_rule/set_02/zhou_unet_label_2.csv,DNABERT2/mlp1_dataCGR_eval_zhou_unet_epoch100,2000,2000,0.36689907823209644,0.35055000000000003,0.016349078232096415,1.0,1.0,45.126,44.847,44.899,8.68625,8.87375,8.79375,0.996413226430972,0.9911476038464226,0.9730033421232106,2000,0.877,2.011,0.126,"{1: 115, 2: 1754, 3: 125, 4: 6}"
2,set_02,/data/stu1/wrc3_pycharm_project/WRC_mask_diffusion/wrc_gen_all/optimized/results_try_10sets_new_eval_psednc6_same_rule/set_02,3,/data/stu1/wrc3_pycharm_project/WRC_mask_diffusion/wrc_gen_all/optimized/results_try_10sets_new_eval_psednc6_same_rule/set_02/zhou_unet_label_3.csv,DNABERT2/mlp1_dataCGR_eval_zhou_unet_epoch100,2000,2000,0.3768002048373119,0.36388750000000003,0.012912704837311884,1.0,1.0,45.768,45.64,45.76,8.62,9.17,9.05625,0.9941182285330141,0.9888464657477767,0.975639184958378,2000,0.9045,3.0405,0.0955,"{2: 55, 3: 1809, 4: 136}"
2,set_02,/data/stu1/wrc3_pycharm_project/WRC_mask_diffusion/wrc_gen_all/optimized/results_try_10sets_new_eval_psednc6_same_rule/set_02,4,/data/stu1/wrc3_pycharm_project/WRC_mask_diffusion/wrc_gen_all/optimized/results_try_10sets_new_eval_psednc6_same_rule/set_02/zhou_unet_label_4.csv,DNABERT2/mlp1_dataCGR_eval_zhou_unet_epoch100,2000,2000,0.3948133270321361,0.38339375000000003,0.011419577032136086,1.0,1.0,46.758,46.759,47.267,8.8975,10.47375,9.54125,0.9858733847592975,0.984974444000585,0.9815680901211887,2000,0.9845,3.9795,0.0205,"{1: 4, 2: 2, 3: 25, 4: 1969}"
3,set_03,/data/stu1/wrc3_pycharm_project/WRC_mask_diffusion/wrc_gen_all/optimized/results_try_10sets_new_eval_psednc6_same_rule/set_03,0,/data/stu1/wrc3_pycharm_project/WRC_mask_diffusion/wrc_gen_all/optimized/results_try_10sets_new_eval_psednc6_same_rule/set_03/zhou_unet_label_0.csv,DNABERT2/mlp1_dataCGR_eval_zhou_unet_epoch100,2000,2000,0.3706925076813993,0.362825,0.007867507681399266,1.0,1.0,43.884,43.313,43.757,8.6325,8.8675,8.68875,0.9817143740528951,0.9717861326615562,0.9441124483414596,2000,0.997,0.003,0.003,"{0: 1994, 1: 6}"
3,set_03,/data/stu1/wrc3_pycharm_project/WRC_mask_diffusion/wrc_gen_all/optimized/results_try_10sets_new_eval_psednc6_same_rule/set_03,1,/data/stu1/wrc3_pycharm_project/WRC_mask_diffusion/wrc_gen_all/optimized/results_try_10sets_new_eval_psednc6_same_rule/set_03/zhou_unet_label_1.csv,DNABERT2/mlp1_dataCGR_eval_zhou_unet_epoch100,2000,2000,0.3697195304498543,0.35740000000000005,0.012319530449854232,1.0,1.0,44.68,44.405,44.541,8.4875,8.67625,8.6875,0.9957540868866092,0.9896102350938183,0.9657634528313386,2000,0.863,1.0135,0.1435,"{0: 130, 1: 1726, 2: 137, 3: 1, 4: 6}"
3,set_03,/data/stu1/wrc3_pycharm_project/WRC_mask_diffusion/wrc_gen_all/optimized/results_try_10sets_new_eval_psednc6_same_rule/set_03,2,/data/stu1/wrc3_pycharm_project/WRC_mask_diffusion/wrc_gen_all/optimized/results_try_10sets_new_eval_psednc6_same_rule/set_03/zhou_unet_label_2.csv,DNABERT2/mlp1_dataCGR_eval_zhou_unet_epoch100,2000,2000,0.36689907823209644,0.35166875,0.015230328232096468,1.0,1.0,45.181,44.915,44.91,8.66125,9.0125,8.8425,0.9968599160562314,0.9918938770157875,0.97446300494016,2000,0.853,2.021,0.15,"{1: 129, 2: 1706, 3: 159, 4: 6}"
3,set_03,/data/stu1/wrc3_pycharm_project/WRC_mask_diffusion/wrc_gen_all/optimized/results_try_10sets_new_eval_psednc6_same_rule/set_03,3,/data/stu1/wrc3_pycharm_project/WRC_mask_diffusion/wrc_gen_all/optimized/results_try_10sets_new_eval_psednc6_same_rule/set_03/zhou_unet_label_3.csv,DNABERT2/mlp1_dataCGR_eval_zhou_unet_epoch100,2000,2000,0.3768002048373119,0.36479999999999996,0.012000204837311956,1.0,1.0,45.746,45.706,45.828,8.66875,9.35,8.8275,0.9919342293454014,0.9862573541702263,0.9705767148355091,2000,0.9185,3.0445,0.0815,"{2: 37, 3: 1837, 4: 126}"
3,set_03,/data/stu1/wrc3_pycharm_project/WRC_mask_diffusion/wrc_gen_all/optimized/results_try_10sets_new_eval_psednc6_same_rule/set_03,4,/data/stu1/wrc3_pycharm_project/WRC_mask_diffusion/wrc_gen_all/optimized/results_try_10sets_new_eval_psednc6_same_rule/set_03/zhou_unet_label_4.csv,DNABERT2/mlp1_dataCGR_eval_zhou_unet_epoch100,2000,2000,0.3948133270321361,0.38296875,0.011844577032136094,1.0,1.0,46.913,47.13,47.269,8.92125,10.385,9.5025,0.9908694829684785,0.9896519185257391,0.9851424338549447,2000,0.988,3.986,0.014,"{1: 1, 2: 2, 3: 21, 4: 1976}"
4,set_04,/data/stu1/wrc3_pycharm_project/WRC_mask_diffusion/wrc_gen_all/optimized/results_try_10sets_new_eval_psednc6_same_rule/set_04,0,/data/stu1/wrc3_pycharm_project/WRC_mask_diffusion/wrc_gen_all/optimized/results_try_10sets_new_eval_psednc6_same_rule/set_04/zhou_unet_label_0.csv,DNABERT2/mlp1_dataCGR_eval_zhou_unet_epoch100,2000,2000,0.3706925076813993,0.36255624999999997,0.008136257681399306,1.0,1.0,43.827,43.159,43.747,8.425,8.85,8.66625,0.9832599415942798,0.9725826766094999,0.9432908233143353,2000,0.9965,0.0035,0.0035,"{0: 1993, 1: 7}"
4,set_04,/data/stu1/wrc3_pycharm_project/WRC_mask_diffusion/wrc_gen_all/optimized/results_try_10sets_new_eval_psednc6_same_rule/set_04,1,/data/stu1/wrc3_pycharm_project/WRC_mask_diffusion/wrc_gen_all/optimized/results_try_10sets_new_eval_psednc6_same_rule/set_04/zhou_unet_label_1.csv,DNABERT2/mlp1_dataCGR_eval_zhou_unet_epoch100,2000,2000,0.3697195304498543,0.35678125,0.01293828044985429,1.0,1.0,44.631,44.351,44.517,8.52125,8.8975,8.61125,0.9958644988610386,0.9894843313191665,0.9666602913104928,2000,0.8665,0.9795,0.1385,"{0: 159, 1: 1733, 2: 102, 3: 2, 4: 4}"
4,set_04,/data/stu1/wrc3_pycharm_project/WRC_mask_diffusion/wrc_gen_all/optimized/results_try_10sets_new_eval_psednc6_same_rule/set_04,2,/data/stu1/wrc3_pycharm_project/WRC_mask_diffusion/wrc_gen_all/optimized/results_try_10sets_new_eval_psednc6_same_rule/set_04/zhou_unet_label_2.csv,DNABERT2/mlp1_dataCGR_eval_zhou_unet_epoch100,2000,2000,0.36689907823209644,0.35029375000000007,0.016605328232096372,1.0,1.0,45.046,44.802,45.093,8.65,9.00125,8.75125,0.9969477245516072,0.9915365840502589,0.973597097895359,2000,0.855,2.0235,0.1485,"{1: 125, 2: 1710, 3: 158, 4: 7}"
4,set_04,/data/stu1/wrc3_pycharm_project/WRC_mask_diffusion/wrc_gen_all/optimized/results_try_10sets_new_eval_psednc6_same_rule/set_04,3,/data/stu1/wrc3_pycharm_project/WRC_mask_diffusion/wrc_gen_all/optimized/results_try_10sets_new_eval_psednc6_same_rule/set_04/zhou_unet_label_3.csv,DNABERT2/mlp1_dataCGR_eval_zhou_unet_epoch100,2000,2000,0.3768002048373119,0.36391875000000007,0.012881454837311845,1.0,1.0,45.946,45.604,45.875,8.65625,9.31125,8.81625,0.9934433707811418,0.9888365591351366,0.9749400314474128,2000,0.91,3.049,0.09,"{2: 41, 3: 1820, 4: 139}"
4,set_04,/data/stu1/wrc3_pycharm_project/WRC_mask_diffusion/wrc_gen_all/optimized/results_try_10sets_new_eval_psednc6_same_rule/set_04,4,/data/stu1/wrc3_pycharm_project/WRC_mask_diffusion/wrc_gen_all/optimized/results_try_10sets_new_eval_psednc6_same_rule/set_04/zhou_unet_label_4.csv,DNABERT2/mlp1_dataCGR_eval_zhou_unet_epoch100,2000,2000,0.3948133270321361,0.380875,0.0139383270321361,1.0,1.0,46.574,46.887,47.203,8.955,10.5575,9.4525,0.9882432025590348,0.9866416774561886,0.9829014869923108,2000,0.988,3.9835,0.0165,"{1: 1, 2: 7, 3: 16, 4: 1976}"
5,set_05,/data/stu1/wrc3_pycharm_project/WRC_mask_diffusion/wrc_gen_all/optimized/results_try_10sets_new_eval_psednc6_same_rule/set_05,0,/data/stu1/wrc3_pycharm_project/WRC_mask_diffusion/wrc_gen_all/optimized/results_try_10sets_new_eval_psednc6_same_rule/set_05/zhou_unet_label_0.csv,DNABERT2/mlp1_dataCGR_eval_zhou_unet_epoch100,2000,2000,0.3706925076813993,0.36338125000000004,0.00731125768139923,1.0,1.0,44.061,43.194,43.689,8.63375,8.95625,8.66125,0.9866450862928102,0.9784358911870779,0.9501482952573909,2000,0.9975,0.0025,0.0025,"{0: 1995, 1: 5}"
5,set_05,/data/stu1/wrc3_pycharm_project/WRC_mask_diffusion/wrc_gen_all/optimized/results_try_10sets_new_eval_psednc6_same_rule/set_05,1,/data/stu1/wrc3_pycharm_project/WRC_mask_diffusion/wrc_gen_all/optimized/results_try_10sets_new_eval_psednc6_same_rule/set_05/zhou_unet_label_1.csv,DNABERT2/mlp1_dataCGR_eval_zhou_unet_epoch100,2000,2000,0.3697195304498543,0.35778125,0.011938280449854288,1.0,1.0,44.721,44.259,44.678,8.5425,8.83375,8.58125,0.9960554153215708,0.9890988975993968,0.9655459769258912,2000,0.874,0.9995,0.1305,"{0: 131, 1: 1748, 2: 116, 3: 1, 4: 4}"
5,set_05,/data/stu1/wrc3_pycharm_project/WRC_mask_diffusion/wrc_gen_all/optimized/results_try_10sets_new_eval_psednc6_same_rule/set_05,2,/data/stu1/wrc3_pycharm_project/WRC_mask_diffusion/wrc_gen_all/optimized/results_try_10sets_new_eval_psednc6_same_rule/set_05/zhou_unet_label_2.csv,DNABERT2/mlp1_dataCGR_eval_zhou_unet_epoch100,2000,2000,0.36689907823209644,0.35221875,0.014680328232096418,1.0,1.0,45.17,44.526,45.015,8.68625,8.94,8.72,0.9972134861473059,0.9917356178685055,0.9742016686561753,2000,0.868,2.025,0.136,"{1: 111, 2: 1736, 3: 145, 4: 8}"
5,set_05,/data/stu1/wrc3_pycharm_project/WRC_mask_diffusion/wrc_gen_all/optimized/results_try_10sets_new_eval_psednc6_same_rule/set_05,3,/data/stu1/wrc3_pycharm_project/WRC_mask_diffusion/wrc_gen_all/optimized/results_try_10sets_new_eval_psednc6_same_rule/set_05/zhou_unet_label_3.csv,DNABERT2/mlp1_dataCGR_eval_zhou_unet_epoch100,2000,2000,0.3768002048373119,0.364125,0.012675204837311937,1.0,1.0,45.822,45.301,45.89,8.725,9.02,8.96375,0.9913269937429563,0.9864009044471779,0.9725972632468172,2000,0.9145,3.0315,0.0855,"{2: 54, 3: 1829, 4: 117}"
5,set_05,/data/stu1/wrc3_pycharm_project/WRC_mask_diffusion/wrc_gen_all/optimized/results_try_10sets_new_eval_psednc6_same_rule/set_05,4,/data/stu1/wrc3_pycharm_project/WRC_mask_diffusion/wrc_gen_all/optimized/results_try_10sets_new_eval_psednc6_same_rule/set_05/zhou_unet_label_4.csv,DNABERT2/mlp1_dataCGR_eval_zhou_unet_epoch100,2000,2000,0.3948133270321361,0.3828125,0.012000827032136119,1.0,1.0,47.101,46.678,47.157,8.99375,10.12125,9.44625,0.988829552611528,0.9878575970181587,0.9839472928131047,2000,0.9885,3.986,0.014,"{1: 1, 2: 3, 3: 19, 4: 1977}"
6,set_06,/data/stu1/wrc3_pycharm_project/WRC_mask_diffusion/wrc_gen_all/optimized/results_try_10sets_new_eval_psednc6_same_rule/set_06,0,/data/stu1/wrc3_pycharm_project/WRC_mask_diffusion/wrc_gen_all/optimized/results_try_10sets_new_eval_psednc6_same_rule/set_06/zhou_unet_label_0.csv,DNABERT2/mlp1_dataCGR_eval_zhou_unet_epoch100,2000,2000,0.3706925076813993,0.36324375,0.007448757681399298,1.0,1.0,44.115,43.357,43.596,8.61875,8.77,8.60875,0.982204944164148,0.9722445680031793,0.9416252643475729,2000,0.9975,0.0035,0.0035,"{0: 1995, 1: 4, 3: 1}"
6,set_06,/data/stu1/wrc3_pycharm_project/WRC_mask_diffusion/wrc_gen_all/optimized/results_try_10sets_new_eval_psednc6_same_rule/set_06,1,/data/stu1/wrc3_pycharm_project/WRC_mask_diffusion/wrc_gen_all/optimized/results_try_10sets_new_eval_psednc6_same_rule/set_06/zhou_unet_label_1.csv,DNABERT2/mlp1_dataCGR_eval_zhou_unet_epoch100,2000,2000,0.3697195304498543,0.35746875,0.012250780449854282,1.0,1.0,44.682,44.336,44.492,8.5325,8.84875,8.53625,0.9959104437582718,0.9890445362652878,0.9639115622995102,2000,0.8645,0.9905,0.1395,"{0: 149, 1: 1729, 2: 118, 4: 4}"
6,set_06,/data/stu1/wrc3_pycharm_project/WRC_mask_diffusion/wrc_gen_all/optimized/results_try_10sets_new_eval_psednc6_same_rule/set_06,2,/data/stu1/wrc3_pycharm_project/WRC_mask_diffusion/wrc_gen_all/optimized/results_try_10sets_new_eval_psednc6_same_rule/set_06/zhou_unet_label_2.csv,DNABERT2/mlp1_dataCGR_eval_zhou_unet_epoch100,2000,2000,0.36689907823209644,0.3519375,0.014961578232096429,1.0,1.0,45.341,44.642,45.103,8.59,9.09875,8.8675,0.996954875874359,0.9919485001695065,0.9745786690229898,2000,0.8665,2.0105,0.1365,"{1: 126, 2: 1733, 3: 135, 4: 6}"
6,set_06,/data/stu1/wrc3_pycharm_project/WRC_mask_diffusion/wrc_gen_all/optimized/results_try_10sets_new_eval_psednc6_same_rule/set_06,3,/data/stu1/wrc3_pycharm_project/WRC_mask_diffusion/wrc_gen_all/optimized/results_try_10sets_new_eval_psednc6_same_rule/set_06/zhou_unet_label_3.csv,DNABERT2/mlp1_dataCGR_eval_zhou_unet_epoch100,2000,2000,0.3768002048373119,0.36292499999999994,0.013875204837311972,1.0,1.0,45.817,45.654,45.856,8.6025,9.18625,8.89375,0.9904755527079129,0.9854741197099485,0.9713907098725425,2000,0.8965,3.0625,0.1035,"{2: 41, 3: 1793, 4: 166}"
6,set_06,/data/stu1/wrc3_pycharm_project/WRC_mask_diffusion/wrc_gen_all/optimized/results_try_10sets_new_eval_psednc6_same_rule/set_06,4,/data/stu1/wrc3_pycharm_project/WRC_mask_diffusion/wrc_gen_all/optimized/results_try_10sets_new_eval_psednc6_same_rule/set_06/zhou_unet_label_4.csv,DNABERT2/mlp1_dataCGR_eval_zhou_unet_epoch100,2000,2000,0.3948133270321361,0.38221249999999996,0.012600827032136164,1.0,1.0,46.977,46.857,47.15,8.9775,10.38625,9.52,0.9878570857027718,0.9870640455269701,0.9840150680304139,2000,0.987,3.9835,0.0165,"{2: 7, 3: 19, 4: 1974}"
7,set_07,/data/stu1/wrc3_pycharm_project/WRC_mask_diffusion/wrc_gen_all/optimized/results_try_10sets_new_eval_psednc6_same_rule/set_07,0,/data/stu1/wrc3_pycharm_project/WRC_mask_diffusion/wrc_gen_all/optimized/results_try_10sets_new_eval_psednc6_same_rule/set_07/zhou_unet_label_0.csv,DNABERT2/mlp1_dataCGR_eval_zhou_unet_epoch100,2000,2000,0.3706925076813993,0.36314374999999993,0.007548757681399343,1.0,1.0,43.884,43.135,43.597,8.5625,8.71,8.665,0.9847912645762491,0.9757226180928316,0.9481059093852715,2000,0.9955,0.0045,0.0045,"{0: 1991, 1: 9}"
7,set_07,/data/stu1/wrc3_pycharm_project/WRC_mask_diffusion/wrc_gen_all/optimized/results_try_10sets_new_eval_psednc6_same_rule/set_07,1,/data/stu1/wrc3_pycharm_project/WRC_mask_diffusion/wrc_gen_all/optimized/results_try_10sets_new_eval_psednc6_same_rule/set_07/zhou_unet_label_1.csv,DNABERT2/mlp1_dataCGR_eval_zhou_unet_epoch100,2000,2000,0.3697195304498543,0.35813124999999996,0.011588280449854327,1.0,1.0,44.713,44.476,44.574,8.53125,8.78125,8.62,0.9945423914199985,0.9886181501617364,0.965854834857522,2000,0.859,0.994,0.149,"{0: 155, 1: 1718, 2: 119, 4: 8}"
7,set_07,/data/stu1/wrc3_pycharm_project/WRC_mask_diffusion/wrc_gen_all/optimized/results_try_10sets_new_eval_psednc6_same_rule/set_07,2,/data/stu1/wrc3_pycharm_project/WRC_mask_diffusion/wrc_gen_all/optimized/results_try_10sets_new_eval_psednc6_same_rule/set_07/zhou_unet_label_2.csv,DNABERT2/mlp1_dataCGR_eval_zhou_unet_epoch100,2000,2000,0.36689907823209644,0.3509375,0.01596157823209643,1.0,1.0,45.248,44.766,44.96,8.7175,9.03375,8.5775,0.9965274313867968,0.9914269545259881,0.9731540348337302,2000,0.8635,2.009,0.138,"{1: 129, 2: 1727, 3: 141, 4: 3}"
7,set_07,/data/stu1/wrc3_pycharm_project/WRC_mask_diffusion/wrc_gen_all/optimized/results_try_10sets_new_eval_psednc6_same_rule/set_07,3,/data/stu1/wrc3_pycharm_project/WRC_mask_diffusion/wrc_gen_all/optimized/results_try_10sets_new_eval_psednc6_same_rule/set_07/zhou_unet_label_3.csv,DNABERT2/mlp1_dataCGR_eval_zhou_unet_epoch100,2000,2000,0.3768002048373119,0.36493125,0.011868954837311929,1.0,1.0,45.949,45.417,45.727,8.8275,9.375,8.9275,0.9905194010594527,0.9851200756630469,0.9701333277232338,2000,0.909,3.044,0.091,"{2: 47, 3: 1818, 4: 135}"
7,set_07,/data/stu1/wrc3_pycharm_project/WRC_mask_diffusion/wrc_gen_all/optimized/results_try_10sets_new_eval_psednc6_same_rule/set_07,4,/data/stu1/wrc3_pycharm_project/WRC_mask_diffusion/wrc_gen_all/optimized/results_try_10sets_new_eval_psednc6_same_rule/set_07/zhou_unet_label_4.csv,DNABERT2/mlp1_dataCGR_eval_zhou_unet_epoch100,2000,2000,0.3948133270321361,0.38209375,0.012719577032136109,1.0,1.0,46.685,47.322,47.337,8.75375,10.59625,9.22875,0.9863232160866751,0.9847981871611466,0.9814322032691537,2000,0.986,3.9805,0.0195,"{1: 3, 2: 5, 3: 20, 4: 1972}"
8,set_08,/data/stu1/wrc3_pycharm_project/WRC_mask_diffusion/wrc_gen_all/optimized/results_try_10sets_new_eval_psednc6_same_rule/set_08,0,/data/stu1/wrc3_pycharm_project/WRC_mask_diffusion/wrc_gen_all/optimized/results_try_10sets_new_eval_psednc6_same_rule/set_08/zhou_unet_label_0.csv,DNABERT2/mlp1_dataCGR_eval_zhou_unet_epoch100,2000,2000,0.3706925076813993,0.36368124999999996,0.007011257681399319,1.0,1.0,43.982,43.232,43.626,8.535,8.89875,8.57,0.984338416166969,0.9734616623320316,0.9432500588221672,2000,0.997,0.003,0.003,"{0: 1994, 1: 6}"
8,set_08,/data/stu1/wrc3_pycharm_project/WRC_mask_diffusion/wrc_gen_all/optimized/results_try_10sets_new_eval_psednc6_same_rule/set_08,1,/data/stu1/wrc3_pycharm_project/WRC_mask_diffusion/wrc_gen_all/optimized/results_try_10sets_new_eval_psednc6_same_rule/set_08/zhou_unet_label_1.csv,DNABERT2/mlp1_dataCGR_eval_zhou_unet_epoch100,2000,2000,0.3697195304498543,0.3578375,0.011882030449854308,1.0,1.0,44.644,44.241,44.473,8.56875,8.76625,8.75625,0.9949957995436767,0.988822760521443,0.9648755700900922,2000,0.868,0.9955,0.1345,"{0: 139, 1: 1736, 2: 122, 3: 1, 4: 2}"
8,set_08,/data/stu1/wrc3_pycharm_project/WRC_mask_diffusion/wrc_gen_all/optimized/results_try_10sets_new_eval_psednc6_same_rule/set_08,2,/data/stu1/wrc3_pycharm_project/WRC_mask_diffusion/wrc_gen_all/optimized/results_try_10sets_new_eval_psednc6_same_rule/set_08/zhou_unet_label_2.csv,DNABERT2/mlp1_dataCGR_eval_zhou_unet_epoch100,2000,2000,0.36689907823209644,0.3515,0.015399078232096464,1.0,1.0,45.208,44.777,45.116,8.68375,9.00625,8.77875,0.9963075555439919,0.991014394453646,0.9738970734156414,2000,0.8695,2.0315,0.1325,"{1: 101, 2: 1739, 3: 156, 4: 4}"
8,set_08,/data/stu1/wrc3_pycharm_project/WRC_mask_diffusion/wrc_gen_all/optimized/results_try_10sets_new_eval_psednc6_same_rule/set_08,3,/data/stu1/wrc3_pycharm_project/WRC_mask_diffusion/wrc_gen_all/optimized/results_try_10sets_new_eval_psednc6_same_rule/set_08/zhou_unet_label_3.csv,DNABERT2/mlp1_dataCGR_eval_zhou_unet_epoch100,2000,2000,0.3768002048373119,0.3635,0.013300204837311924,1.0,1.0,45.891,45.53,45.88,8.75875,9.17,9.00625,0.9934288195014511,0.9880148555414627,0.9721200797601411,2000,0.9195,3.0395,0.0815,"{1: 2, 2: 38, 3: 1839, 4: 121}"
8,set_08,/data/stu1/wrc3_pycharm_project/WRC_mask_diffusion/wrc_gen_all/optimized/results_try_10sets_new_eval_psednc6_same_rule/set_08,4,/data/stu1/wrc3_pycharm_project/WRC_mask_diffusion/wrc_gen_all/optimized/results_try_10sets_new_eval_psednc6_same_rule/set_08/zhou_unet_label_4.csv,DNABERT2/mlp1_dataCGR_eval_zhou_unet_epoch100,2000,2000,0.3948133270321361,0.38180625,0.013007077032136105,1.0,1.0,46.908,46.945,47.215,8.87375,10.46125,9.28625,0.9835451959284915,0.9822309970218019,0.9787745535702054,2000,0.9905,3.988,0.012,"{1: 1, 2: 3, 3: 15, 4: 1981}"
9,set_09,/data/stu1/wrc3_pycharm_project/WRC_mask_diffusion/wrc_gen_all/optimized/results_try_10sets_new_eval_psednc6_same_rule/set_09,0,/data/stu1/wrc3_pycharm_project/WRC_mask_diffusion/wrc_gen_all/optimized/results_try_10sets_new_eval_psednc6_same_rule/set_09/zhou_unet_label_0.csv,DNABERT2/mlp1_dataCGR_eval_zhou_unet_epoch100,2000,2000,0.3706925076813993,0.3636062499999999,0.007086257681399366,1.0,1.0,43.926,43.368,43.723,8.6475,8.77375,8.62625,0.98446977843362,0.9744217586694085,0.9445221770148792,2000,0.994,0.006,0.006,"{0: 1988, 1: 12}"
9,set_09,/data/stu1/wrc3_pycharm_project/WRC_mask_diffusion/wrc_gen_all/optimized/results_try_10sets_new_eval_psednc6_same_rule/set_09,1,/data/stu1/wrc3_pycharm_project/WRC_mask_diffusion/wrc_gen_all/optimized/results_try_10sets_new_eval_psednc6_same_rule/set_09/zhou_unet_label_1.csv,DNABERT2/mlp1_dataCGR_eval_zhou_unet_epoch100,2000,2000,0.3697195304498543,0.35885625000000004,0.01086328044985424,1.0,1.0,44.773,44.443,44.582,8.4975,8.76,8.62,0.995804577865854,0.9893041774277066,0.9649989315127471,2000,0.8745,0.984,0.134,"{0: 150, 1: 1749, 2: 92, 3: 1, 4: 8}"
9,set_09,/data/stu1/wrc3_pycharm_project/WRC_mask_diffusion/wrc_gen_all/optimized/results_try_10sets_new_eval_psednc6_same_rule/set_09,2,/data/stu1/wrc3_pycharm_project/WRC_mask_diffusion/wrc_gen_all/optimized/results_try_10sets_new_eval_psednc6_same_rule/set_09/zhou_unet_label_2.csv,DNABERT2/mlp1_dataCGR_eval_zhou_unet_epoch100,2000,2000,0.36689907823209644,0.3500125,0.01688657823209644,1.0,1.0,45.09,44.75,45.111,8.67875,8.8875,8.76,0.995481520110489,0.9900451763190032,0.971350198978937,2000,0.8555,2.0145,0.1465,"{1: 132, 2: 1711, 3: 153, 4: 4}"
9,set_09,/data/stu1/wrc3_pycharm_project/WRC_mask_diffusion/wrc_gen_all/optimized/results_try_10sets_new_eval_psednc6_same_rule/set_09,3,/data/stu1/wrc3_pycharm_project/WRC_mask_diffusion/wrc_gen_all/optimized/results_try_10sets_new_eval_psednc6_same_rule/set_09/zhou_unet_label_3.csv,DNABERT2/mlp1_dataCGR_eval_zhou_unet_epoch100,2000,2000,0.3768002048373119,0.36523125000000006,0.011568954837311851,1.0,1.0,45.912,45.54,45.832,8.72875,9.3775,8.9625,0.9911587863433502,0.9871330532843559,0.9752385042801456,2000,0.9155,3.0285,0.0845,"{2: 56, 3: 1831, 4: 113}"
9,set_09,/data/stu1/wrc3_pycharm_project/WRC_mask_diffusion/wrc_gen_all/optimized/results_try_10sets_new_eval_psednc6_same_rule/set_09,4,/data/stu1/wrc3_pycharm_project/WRC_mask_diffusion/wrc_gen_all/optimized/results_try_10sets_new_eval_psednc6_same_rule/set_09/zhou_unet_label_4.csv,DNABERT2/mlp1_dataCGR_eval_zhou_unet_epoch100,2000,2000,0.3948133270321361,0.38291250000000004,0.011900827032136074,1.0,1.0,46.952,46.695,47.074,8.93625,10.39375,9.46125,0.9854624136060194,0.9840881973421065,0.9809710164637251,2000,0.988,3.9825,0.0175,"{1: 3, 2: 5, 3: 16, 4: 1976}"
10,set_10,/data/stu1/wrc3_pycharm_project/WRC_mask_diffusion/wrc_gen_all/optimized/results_try_10sets_new_eval_psednc6_same_rule/set_10,0,/data/stu1/wrc3_pycharm_project/WRC_mask_diffusion/wrc_gen_all/optimized/results_try_10sets_new_eval_psednc6_same_rule/set_10/zhou_unet_label_0.csv,DNABERT2/mlp1_dataCGR_eval_zhou_unet_epoch100,2000,2000,0.3706925076813993,0.36391875,0.006773757681399262,1.0,1.0,44.103,43.174,43.721,8.62375,8.83375,8.59625,0.980399010703751,0.9699945464446146,0.9383531164297829,2000,0.9955,0.006,0.006,"{0: 1991, 1: 8, 4: 1}"
10,set_10,/data/stu1/wrc3_pycharm_project/WRC_mask_diffusion/wrc_gen_all/optimized/results_try_10sets_new_eval_psednc6_same_rule/set_10,1,/data/stu1/wrc3_pycharm_project/WRC_mask_diffusion/wrc_gen_all/optimized/results_try_10sets_new_eval_psednc6_same_rule/set_10/zhou_unet_label_1.csv,DNABERT2/mlp1_dataCGR_eval_zhou_unet_epoch100,2000,2000,0.3697195304498543,0.35739374999999995,0.012325780449854329,1.0,1.0,44.657,44.411,44.557,8.5725,8.73125,8.65625,0.9955869500530171,0.9888703355495818,0.9650145136119614,2000,0.863,0.9955,0.1445,"{0: 149, 1: 1726, 2: 116, 3: 3, 4: 6}"
10,set_10,/data/stu1/wrc3_pycharm_project/WRC_mask_diffusion/wrc_gen_all/optimized/results_try_10sets_new_eval_psednc6_same_rule/set_10,2,/data/stu1/wrc3_pycharm_project/WRC_mask_diffusion/wrc_gen_all/optimized/results_try_10sets_new_eval_psednc6_same_rule/set_10/zhou_unet_label_2.csv,DNABERT2/mlp1_dataCGR_eval_zhou_unet_epoch100,2000,2000,0.36689907823209644,0.35203125,0.014867828232096425,1.0,1.0,45.217,45.008,44.926,8.67,8.90625,8.62375,0.9963115326302323,0.9906635338939597,0.9735458710548275,2000,0.8595,2.017,0.144,"{1: 127, 2: 1719, 3: 147, 4: 7}"
10,set_10,/data/stu1/wrc3_pycharm_project/WRC_mask_diffusion/wrc_gen_all/optimized/results_try_10sets_new_eval_psednc6_same_rule/set_10,3,/data/stu1/wrc3_pycharm_project/WRC_mask_diffusion/wrc_gen_all/optimized/results_try_10sets_new_eval_psednc6_same_rule/set_10/zhou_unet_label_3.csv,DNABERT2/mlp1_dataCGR_eval_zhou_unet_epoch100,2000,2000,0.3768002048373119,0.36383124999999994,0.012968954837311975,1.0,1.0,46.014,45.502,45.885,8.7125,9.24875,8.97375,0.9916543191535945,0.986156412748467,0.9723346328060717,2000,0.91,3.0325,0.0905,"{1: 1, 2: 56, 3: 1820, 4: 123}"
10,set_10,/data/stu1/wrc3_pycharm_project/WRC_mask_diffusion/wrc_gen_all/optimized/results_try_10sets_new_eval_psednc6_same_rule/set_10,4,/data/stu1/wrc3_pycharm_project/WRC_mask_diffusion/wrc_gen_all/optimized/results_try_10sets_new_eval_psednc6_same_rule/set_10/zhou_unet_label_4.csv,DNABERT2/mlp1_dataCGR_eval_zhou_unet_epoch100,2000,2000,0.3948133270321361,0.38285,0.011963327032136095,1.0,1.0,47.071,46.963,47.147,8.84875,10.37,9.23625,0.9882805375413122,0.986370186206462,0.9819097053501559,2000,0.9845,3.978,0.022,"{1: 3, 2: 7, 3: 21, 4: 1969}"
