Set_ID,Set_Name,Set_Dir,GC_Diff_Mean,GC_Diff_Std,GC_Diff_Var,Diversity_Mean,Diversity_Std,Diversity_Var,Novelty_Mean,Novelty_Std,Novelty_Var,Lev_Inter_Mean,Lev_Inter_Std,Lev_Inter_Var,Bio_Inter_Mean,Bio_Inter_Std,Bio_Inter_Var,K4_PCC_Mean,K4_PCC_Std,K4_PCC_Var,K5_PCC_Mean,K5_PCC_Std,K5_PCC_Var,K6_PCC_Mean,K6_PCC_Std,K6_PCC_Var,Pred_Acc_Mean,Pred_Acc_Std,Pred_Acc_Var,Pred_MAE_Mean,Pred_MAE_Std,Pred_MAE_Var,Pred_MeanPred_Mean,Pred_MeanPred_Std,Pred_MeanPred_Var,Corr_Target_MeanPred
1,set_01,/data/stu1/wrc3_pycharm_project/WRC_mask_diffusion/wrc_gen_all/optimized/results_try_10sets_new_eval_psednc6_same_rule/set_01,0.012647429646559594,0.003187533283671064,1.0160368434510835e-05,1.0,0.0,0.0,1.0,0.0,0.0,45.212599999999995,1.268623978963034,1.6094068000000006,8.918000000000001,0.3371903672259932,0.11369734375000015,0.9910281416255471,0.006033681838020989,3.640531652246434e-05,0.985427754992697,0.007512332962268499,5.6435146535985803e-05,0.9678142512901775,0.015473663765126851,0.00023943427031619967,0.9257,0.06278793673947253,0.003942325000000004,0.0764,0.06351515567169776,0.004034174999999999,2.0113999999999996,1.58591075568583,2.5151129250000004,0.9998324748508403
2,set_02,/data/stu1/wrc3_pycharm_project/WRC_mask_diffusion/wrc_gen_all/optimized/results_try_10sets_new_eval_psednc6_same_rule/set_02,0.011754929646559586,0.0033472843583197075,1.1204312575451777e-05,1.0,0.0,0.0,1.0,0.0,0.0,45.237,1.3566777436075235,1.8405745000000011,8.94,0.37402372919375054,0.13989375000000004,0.990684565992016,0.006218488237847609,3.8669595964249066e-05,0.9849422082248929,0.007565109913471713,5.723088800290799e-05,0.9673081525407208,0.015222170694061177,0.0002317144806391349,0.9292,0.05728066864134881,0.003281075000000001,0.0731,0.05750586926566713,0.0033069249999999996,2.0057,1.5811434390971617,2.500014575,0.9998970853042445
3,set_03,/data/stu1/wrc3_pycharm_project/WRC_mask_diffusion/wrc_gen_all/optimized/results_try_10sets_new_eval_psednc6_same_rule/set_03,0.011852429646559604,0.002623446409476614,6.882471063395737e-06,1.0,0.0,0.0,1.0,0.0,0.0,45.261,1.3469567550593458,1.8142925000000025,8.909749999999999,0.339439335522564,0.11521906249999977,0.9914264178619231,0.005982128921662138,3.5785866435386617e-05,0.9858399034934255,0.008109873520210194,6.57700485138065e-05,0.9680116109606823,0.015148345817912473,0.0002294723810190663,0.9239,0.06748555400972864,0.004554300000000001,0.0784,0.06929411951962446,0.004801674999999999,2.0136,1.580813374500608,2.498970925,0.9999058167979566
4,set_04,/data/stu1/wrc3_pycharm_project/WRC_mask_diffusion/wrc_gen_all/optimized/results_try_10sets_new_eval_psednc6_same_rule/set_04,0.012899929646559583,0.003061969566407146,9.375657625603564e-06,1.0,0.0,0.0,1.0,0.0,0.0,45.287000000000006,1.3246637309143787,1.7547340000000013,8.8595,0.3406652499155148,0.11605281250000014,0.9915517476694206,0.005722655548036515,3.2748786521473105e-05,0.9858163657140502,0.007601120058626091,5.7777026145647915e-05,0.9682779461919822,0.015112063205857002,0.00022837445433781698,0.9231999999999999,0.06635567044345193,0.004403075000000001,0.0794,0.06726291697510597,0.0045243,2.0078,1.5860606703401985,2.51558845,0.9998376602408248
5,set_05,/data/stu1/wrc3_pycharm_project/WRC_mask_diffusion/wrc_gen_all/optimized/results_try_10sets_new_eval_psednc6_same_rule/set_05,0.0117211796465596,0.0027036767361192362,7.309867893432365e-06,1.0,0.0,0.0,1.0,0.0,0.0,45.285799999999995,1.3094818440894849,1.7147426999999977,8.8745,0.3500732066296983,0.12255124999999947,0.9920141068232343,0.0045498794243037455,2.0701402775702582e-05,0.9867057816240633,0.005020880733300311,2.5209243338026272e-05,0.9692880993798758,0.01255309984577308,0.00015758031573794812,0.9285,0.061618787719331214,0.0037968750000000034,0.07370000000000002,0.06300853116840609,0.003970075000000001,2.0089,1.581093268912369,2.4998559250000003,0.9999288133638916
6,set_06,/data/stu1/wrc3_pycharm_project/WRC_mask_diffusion/wrc_gen_all/optimized/results_try_10sets_new_eval_psednc6_same_rule/set_06,0.012227429646559628,0.0028795142031786797,8.291602046307748e-06,1.0,0.0,0.0,1.0,0.0,0.0,45.2394,1.3517177220115164,1.827140800000003,8.88525,0.3877976679274898,0.15038703124999966,0.9906805804414927,0.006053280571476122,3.664220567701028e-05,0.9851551539349785,0.007610940864167993,5.792642083786224e-05,0.9671042547146058,0.01596549724450555,0.00025489710226431434,0.9224,0.06511758595034063,0.004240299999999999,0.0799,0.06551564698604449,0.004292300000000001,2.0101,1.586496233843623,2.5169703,0.9998123162874187
7,set_07,/data/stu1/wrc3_pycharm_project/WRC_mask_diffusion/wrc_gen_all/optimized/results_try_10sets_new_eval_psednc6_same_rule/set_07,0.011937429646559628,0.00300801271398939,9.048140487521817e-06,1.0,0.0,0.0,1.0,0.0,0.0,45.239,1.4014258810226112,1.9639945000000023,8.803749999999999,0.27392688349265765,0.07503593750000004,0.9905407409058344,0.005067004016331673,2.567452970152131e-05,0.9851371971209499,0.005925107624766092,3.510690036506128e-05,0.9677360620137823,0.012364945465696293,0.0001528918763696433,0.9225999999999999,0.06530065083902303,0.004264175,0.0804,0.06634323627921689,0.004401425,2.0064,1.581632756046738,2.501562175,0.9998876488895087
8,set_08,/data/stu1/wrc3_pycharm_project/WRC_mask_diffusion/wrc_gen_all/optimized/results_try_10sets_new_eval_psednc6_same_rule/set_08,0.012119929646559623,0.0031260206625627375,9.772005182769177e-06,1.0,0.0,0.0,1.0,0.0,0.0,45.26199999999999,1.37080870291956,1.8791165000000065,8.879500000000002,0.275064765100876,0.07566062500000009,0.9905231573369161,0.00610019737997936,3.721240807470706e-05,0.9847089339740771,0.007075535475501765,5.006320226508398e-05,0.9665834671316494,0.013965406908403515,0.0001950325901172846,0.9289,0.0627648388829287,0.003939425,0.07270000000000001,0.06327578525786938,0.004003825000000001,2.0115,1.5835138537442606,2.5075161249999995,0.999898056276823
9,set_09,/data/stu1/wrc3_pycharm_project/WRC_mask_diffusion/wrc_gen_all/optimized/results_try_10sets_new_eval_psednc6_same_rule/set_09,0.011661179646559595,0.0034977593105441607,1.2234320194498364e-05,1.0,0.0,0.0,1.0,0.0,0.0,45.2644,1.271017033717487,1.6154842999999994,8.886,0.3503094614051981,0.12271671874999998,0.9904754152718664,0.005364837256722333,2.878147879111601e-05,0.9849984726085161,0.006349413866717611,4.031505645086588e-05,0.9674161656500868,0.014056825005664879,0.0001975943292398854,0.9254999999999999,0.0636386282064596,0.004049874999999996,0.0777,0.06464189817757521,0.004178575,2.0031,1.5808678550087607,2.499143175,0.9999213662092641
10,set_10,/data/stu1/wrc3_pycharm_project/WRC_mask_diffusion/wrc_gen_all/optimized/results_try_10sets_new_eval_psednc6_same_rule/set_10,0.011779929646559616,0.003014226435756576,9.08556100601379e-06,1.0,0.0,0.0,1.0,0.0,0.0,45.2472,1.3157565124292563,1.7312151999999994,8.81725,0.27940002684323456,0.0780643750000002,0.9904464700163814,0.006479295797677994,4.198127403380772e-05,0.984411002968617,0.008271923340546645,6.842471575188037e-05,0.9662315678505597,0.01669760239758769,0.00027880992582792624,0.9225,0.06488162297600147,0.0042096250000000016,0.0814,0.0655680943752371,0.004299174999999999,2.0058,1.5782678242300956,2.490929325,0.9999156303378797
